EndNodes_1,EndNodes_2,Weight
I2L,I1L,2
I2L,I5,2
I2L,I2R,3
I2L,I6,2
I2L,M1,1
I2L,NSMR,24
I2L,I4,13
I2L,M4,4
I2L,NSML,14
I2L,M3R,3
I2L,pm3VL,1
I2L,pm4VL,2
I2L,pm5D,1
I2L,pm5VL,2
I2L,pm5VR,1
I2L,e3VL,1
I1L,I2L,10
I1L,I3,3
I1L,I5,2
I1L,MI,2
I1L,I6,1
I1L,M2L,3
I1L,NSML,3
I1L,M3L,8
I1L,M3R,2
I1L,MCL,2
I1L,MCR,2
I1L,pm1,2
I1L,pm3VL,7
I1L,pm4D,1
I1L,pm4VL,2
I3,I1L,1
I3,I5,2
I3,MI,1
I3,I1R,1
I3,I6,1
I3,M1,2
I3,NSMR,2
I3,M2L,2
I3,M4,2
I3,M3L,2
I3,M3R,2
I3,MCL,1
I3,MCR,2
I3,pm4D,2
I3,pm5D,4
I5,I2L,3
I5,I1L,2
I5,I3,1
I5,MI,4
I5,I2R,1
I5,M1,3
I5,NSMR,5
I5,I4,7
I5,M2L,4
I5,M4,19
I5,NSML,1
I5,M5,2
I5,M3L,4
I5,M3R,2
I5,pm5VL,4
I5,pm5VR,14
I5,pm6VL,1
I5,g1AL,9
I5,g1AR,6
MI,I1L,1
MI,I3,2
MI,M1,7
MI,NSMR,2
MI,I4,1
MI,M2L,3
MI,M2R,2
MI,NSML,1
MI,M3L,2
MI,M3R,2
MI,MCL,3
MI,pm4D,2
MI,pm4VL,1
MI,pm4VR,7
MI,pm5D,5
I2R,I2L,3
I2R,I5,2
I2R,I1R,1
I2R,I6,3
I2R,M1,3
I2R,NSMR,7
I2R,I4,20
I2R,M2R,2
I2R,M4,3
I2R,NSML,34
I2R,M3R,2
I2R,MCL,1
I2R,pm1,1
I2R,pm3VR,1
I2R,pm4D,2
I2R,pm4VL,1
I2R,pm5VL,1
I2R,pm5VR,4
I2R,e3VR,1
I1R,I3,1
I1R,I5,2
I1R,MI,1
I1R,I2R,6
I1R,M1,1
I1R,NSMR,2
I1R,M2L,1
I1R,M2R,3
I1R,NSML,1
I1R,M3L,1
I1R,M3R,6
I1R,MCL,3
I1R,MCR,4
I1R,pm1,2
I1R,pm3D,2
I1R,pm3VR,5
I1R,pm4D,1
I1R,pm4VR,2
I1R,pm5D,2
I1R,pm5VR,1
I6,I2L,1
I6,I3,12
I6,I2R,4
I6,I1R,1
I6,NSMR,23
I6,M4,15
I6,NSML,24
I6,M3L,10
I6,pm5D,13
I6,g1p,2
I6,bm,2
M1,I2L,3
M1,I3,8
M1,I5,2
M1,MI,6
M1,I2R,2
M1,I1R,1
M1,I4,1
M1,M4,1
M1,NSML,2
M1,M5,1
M1,pm2D,1
M1,pm2VL,1
M1,pm3VL,1
M1,RIPL,1
M1,pm4D,1
M1,pm5D,3
M1,e3D,3
M1,e3VL,1
M1,g1p,5
NSMR,I2L,1
NSMR,I2R,1
NSMR,I6,4
NSMR,I4,3
NSMR,M3R,24
NSMR,pm4D,3
NSMR,pm5D,9
NSMR,pm5VL,1
NSMR,pm5VR,53
NSMR,bm,72
I4,I5,2
I4,MI,1
I4,I2R,7
I4,NSMR,15
I4,M2L,5
I4,NSML,8
I4,M3L,6
I4,M3R,22
I4,pm4D,1
I4,pm5VL,11
I4,pm5VR,2
M2L,I3,2
M2L,I5,2
M2L,I4,8
M2L,M3L,3
M2L,M3R,1
M2L,pm4D,3
M2L,pm4VL,9
M2L,pm5D,2
M2L,pm5VL,21
M2L,g1AL,8
M2R,I5,3
M2R,NSMR,1
M2R,I4,1
M2R,M3L,2
M2R,M3R,1
M2R,pm4D,3
M2R,pm4VR,3
M2R,pm5VR,12
M2R,g1AR,3
M4,I5,1
M4,I4,5
M4,M2L,1
M4,M4,15
M4,M3L,1
M4,MCL,1
M4,pm4VR,1
M4,pm5D,69
M4,pm5VL,50
M4,pm5VR,72
M4,g1p,46
M4,g1AL,43
M4,g1AR,49
M4,g2L,3
NSML,I6,1
NSML,NSMR,7
NSML,I4,1
NSML,M4,13
NSML,M3L,21
NSML,M3R,1
NSML,pm4VL,2
NSML,pm5D,38
NSML,pm5VL,63
NSML,pm5VR,8
NSML,bm,88
M5,I5,1
M5,M1,1
M5,pm5VL,1
M5,pm5VR,3
M5,pm6D,2
M5,pm6VL,2
M5,pm6VR,2
M5,pm7D,3
M5,pm7VR,2
M5,mc3V,4
M5,g1AL,3
M5,g1AR,1
M5,g2L,2
M5,g2R,1
M3L,NSML,1
M3L,pm4D,17
M3L,pm4VL,6
M3L,pm5D,4
M3L,pm5VL,2
M3R,M4,2
M3R,pm4D,6
M3R,pm4VR,1
M3R,g1AR,3
M3R,bm,1
MCL,mc2DR,7
MCL,mc2V,13
MCR,mc2DL,6
MCR,mc2DR,4
MCR,mc2V,11
RIPL,pm3VL,4
RIPL,RIPL,3
RIPL,mc2DL,2
RIPL,ADFL,3
RIPL,BAGL,7
RIPL,RIH,2
RIPL,OLLL,4
RIPL,OLQVL,1
RIPL,OLQDR,2
RIPL,hyp,3
RIPR,pm3VR,6
RIPR,mc2DR,1
RIPR,ADFR,1
RIPR,RIH,1
RIPR,URBR,1
RIPR,BAGR,2
RIPR,IL1R,1
RIPR,URAVR,1
RIPR,OLQDR,3
RIPR,OLQVR,2
RIPR,AVBR,2
RIPR,hyp,4
AWAR,ASIL,2
AWAR,AIAR,3
AWAR,ASER,5
AWAR,ADFR,9
AWAR,AIYR,8
AWAR,AIZR,25
AWAR,ASGR,1
AWAR,AWBR,3
AWAR,RIR,2
AWAR,RIFR,5
AWAR,AFDR,23
AWAR,RIGR,6
AWAR,AUAR,1
ASIL,AWAR,2
ASIL,AWCL,3
ASIL,AWCR,4
ASIL,ASKL,3
ASIL,AIAL,2
ASIL,AIYL,3
ASIL,ASER,8
ASIL,AIYR,2
ASIL,ASGL,3
ASIL,CEPVR,1
ASIL,ADFL,1
ASIL,AIZL,1
ASIL,AIBL,3
ASIL,RMFL,1
ASIL,RIBL,1
ASIL,RIAL,3
ASIL,SAAVL,2
AWCL,ASIL,1
AWCL,AWCR,11
AWCL,AIAR,4
AWCL,AIAL,2
AWCL,AIYL,22
AWCL,ASER,1
AWCL,ASGR,1
AWCL,AFDL,2
AWCL,AIZL,1
AWCL,AIBR,2
AWCL,AIBL,12
AWCL,RIAL,6
AWCL,SMDVL,1
AWCL,AVAL,1
AWCR,ASIL,2
AWCR,AWCL,17
AWCR,ASIR,2
AWCR,AIAR,8
AWCR,ASEL,8
AWCR,AIAL,1
AWCR,AIYL,12
AWCR,ASER,5
AWCR,ADFR,1
AWCR,ASHR,1
AWCR,AIYR,22
AWCR,ASGR,3
AWCR,AIBR,18
AWCR,AIBL,3
AWCR,RIAL,3
AWCR,IL2L,2
AWCR,RIVL,3
URXL,ASIL,1
URXL,URXL,3
URXL,AIML,2
URXL,ADFL,1
URXL,HSNR,1
URXL,RIR,1
URXL,AIZL,1
URXL,ASHL,1
URXL,AUAL,14
URXL,RIGL,6
URXL,CEPDL,1
URXL,RMGL,5
URXL,ADAL,6
URXL,RICL,8
URXL,BAGR,2
URXL,RIAL,15
URXL,IL2L,1
URXL,AVBL,4
URXL,AVDR,1
URXL,AVJR,4
URXL,AVEL,9
URXL,RID,1
URXL,IL1DL,2
URXL,OLQVL,2
URXL,AVAL,1
AINL,ASIL,11
AINL,AIAR,1
AINL,ASEL,1
AINL,ASGR,1
AINL,AFDR,10
AINL,BAGL,5
AINL,AUAR,2
AINL,RIBR,3
AINL,RMFL,1
AINL,RIBL,2
AINL,RID,2
AINL,RMDVL,3
AINL,SAAVL,3
AINL,CEPshVR,2
AINL,hyp,1
ASIR,AWAR,1
ASIR,AWCL,2
ASIR,AWCR,5
ASIR,AIAR,4
ASIR,ASEL,2
ASIR,AIAL,1
ASIR,ASER,2
ASIR,ASHR,2
ASIR,ASGR,3
ASIR,CEPVR,1
ASIR,ADLR,1
ASIR,AIBR,3
ASIR,CEPshVR,4
ASIR,hyp,2
ADER,ASIR,1
ADER,CEPVR,1
ADER,URXR,2
ADER,RIGL,12
ADER,RIAR,1
ADER,RIGR,11
ADER,ADAR,1
ADER,RMGR,5
ADER,URBR,1
ADER,IL2R,1
ADER,CEPDR,5
ADER,IL1R,1
ADER,AVER,4
ADER,RMDL,1
ADER,ALNR,1
ADER,SMDVR,1
ADER,AVDR,5
ADER,ADEL,3
ADER,AVJR,1
ADER,FLPL,1
ADER,FLPR,4
ADER,OLLR,3
ADER,AVAR,4
ADER,RMDR,6
ADER,AVAL,9
ADER,dBWMR4,1
ADER,CEPshDR,1
AIAR,AWAR,4
AIAR,AWCL,6
AIAR,AWCR,6
AIAR,ASIR,2
AIAR,AIAR,1
AIAR,ASER,5
AIAR,ASKR,1
AIAR,AIZR,2
AIAR,ASGR,5
AIAR,RIFR,10
AIAR,ADLR,10
AIAR,AIBR,33
AIAR,ADAR,4
SAAVR,RIPL,12
SAAVR,ASIR,1
SAAVR,SAAVR,1
SAAVR,RIAR,1
SAAVR,AIBR,1
SAAVR,ALNR,1
SAAVR,SMBDL,1
SAAVR,AVBL,1
SAAVR,AVAR,39
SAAVR,IL1DL,12
SAAVR,SMDDL,17
SAAVR,RMEV,1
SAAVR,RIMR,7
SAAVR,RIML,12
SAAVR,vBWML3,7
SAAVR,vBWML4,3
SAAVR,vBWML6,2
SAAVR,hyp,2
ASEL,AWCL,16
ASEL,AWCR,11
ASEL,ASJL,1
ASEL,AIAL,6
ASEL,AWBL,1
ASEL,AIYL,32
ASEL,ASER,2
ASEL,ADFR,1
ASEL,AIYR,21
ASEL,RIR,1
ASEL,AFDR,3
ASEL,AIZL,1
ASEL,RIAR,2
ASEL,AIBR,13
ASEL,AIBL,16
ASEL,IL2R,1
ASEL,OLLR,1
ASJL,ASKL,12
ASJL,PVQL,34
ASJL,ALA,3
ASJL,HSNL,1
ASJL,ASKR,1
ASJL,HSNR,1
ASJL,CEPDL,1
ASKL,ASJL,1
ASKL,AIML,5
ASKL,AIAL,29
ASKL,ASER,4
ASKL,AIBL,9
AIML,URXL,1
AIML,ASJL,2
AIML,ASKL,7
AIML,AIAL,11
AIML,PVQL,1
AIML,ASGL,8
AIML,AVHR,1
AIML,AVHL,2
AIML,CEPDL,3
AIML,RMGL,3
AIML,AVFR,4
AIML,AVJL,1
AIML,SMBVL,4
AIML,ALML,1
AIML,RIFL,2
AIML,RID,2
AIML,AVFL,5
AIML,AVDL,1
AIML,CEPshDL,2
AIML,CEPshVL,1
AIAL,AWCL,1
AIAL,AWCR,6
AIAL,ASEL,5
AIAL,ASJL,4
AIAL,ASKL,9
AIAL,AIML,6
AIAL,PVQL,1
AIAL,ADLL,1
AIAL,ASER,10
AIAL,ASGL,1
AIAL,ADFL,2
AIAL,RIR,2
AIAL,AIZL,4
AIAL,ASHL,1
AIAL,RMGL,2
AIAL,AIBL,35
AIAL,ADAL,1
AIAL,RIFL,10
PVQL,ASJL,3
PVQL,ASKL,12
PVQL,AIAL,10
PVQL,HSNL,3
PVQL,AWAL,1
PVQL,AVHR,1
PVQL,HSNR,6
PVQL,RMGL,1
PVQL,PVPL,1
PVQL,DA08,1
PVQL,DD06,1
PVQL,vBWMR10,1
PVQL,hyp,3
PVQR,AWAR,4
PVQR,AIAR,12
PVQR,ASJL,1
PVQR,AIAL,1
PVQR,AIMR,2
PVQR,ASER,2
PVQR,ASKR,6
PVQR,RIFR,4
PVQR,AVFR,1
PVQR,RMGR,1
PVQR,DVC,1
PVQR,PVT,1
PVQR,AVL,2
PVQR,VC02,1
PVQR,AVBR,1
PVQR,DD01,1
PVQR,DD06,2
PVQR,VD01,1
PVQR,CEPshVR,1
PVQR,hyp,1
SMDDR,ASJL,1
SMDDR,AIZR,2
SMDDR,ASGL,1
SMDDR,RIAR,3
SMDDR,RIBL,1
SMDDR,RIAL,5
SMDDR,AVER,1
SMDDR,ALNL,1
SMDDR,SMDVL,5
SMDDR,SMBDR,3
SMDDR,ALNR,2
SMDDR,SIADR,14
SMDDR,RIS,3
SMDDR,SMDDL,4
SMDDR,RMDR,1
SMDDR,RIMR,3
SMDDR,RIVL,1
SMDDR,SIBDR,14
SMDDR,dBWML2,3
SMDDR,dBWML5,11
SMDDR,dBWML6,4
SMDDR,dBWML7,6
SMDDR,vBWML2,3
SMDDR,vBWMR2,6
SMDDR,vBWMR6,2
SMDDR,dBWML8,8
SMDDR,dBWML9,6
SMDDR,dBWML10,6
SMDDR,dBWML11,6
SMDDR,dBWML12,6
SMDDR,dBWML13,6
SMDDR,dBWML14,6
SMDDR,dBWML15,6
SMDDR,dBWML16,2
SMDDR,hyp,2
AIMR,AIAR,10
AIMR,AIMR,1
AIMR,ASJR,4
AIMR,ALA,2
AIMR,HSNL,3
AIMR,ADFR,2
AIMR,ASKR,4
AIMR,ASGR,6
AIMR,CEPVR,1
AIMR,AVHR,2
AIMR,HSNR,3
AIMR,URXR,5
AIMR,RIFR,3
AIMR,AVFR,4
AIMR,RMGR,4
AIMR,PVNR,1
AIMR,BDUR,2
AIMR,AVDR,2
AIMR,AVJR,1
AIMR,AVAR,1
AIMR,AVFL,3
AIMR,RMDR,1
AIMR,OLQDR,1
ASJR,PVQR,19
ASJR,ASKR,12
ASJR,HSNR,1
ASJR,hyp,1
ALA,ASJR,4
ALA,RIAR,2
ALA,AVER,4
ALA,AVDR,1
ALA,AVEL,8
ALA,PVDR,75
ALA,PVDL,75
ALA,RMDR,3
ALA,CEPshDL,3
ALA,CANL,30
ALA,CANR,30
ALA,exc_cell,15
ALA,hyp,18
HSNL,AWAR,3
HSNL,ASKL,3
HSNL,AIAL,8
HSNL,PVQL,1
HSNL,AIMR,2
HSNL,ASJR,2
HSNL,HSNL,1
HSNL,AWBL,5
HSNL,ADLL,1
HSNL,ASKR,2
HSNL,ASHR,1
HSNL,AIZR,3
HSNL,AWBR,3
HSNL,HSNR,5
HSNL,RIR,3
HSNL,AIZL,6
HSNL,ADLR,1
HSNL,ASHL,3
HSNL,AVFR,4
HSNL,RMGR,1
HSNL,AVJL,3
HSNL,RIFL,9
HSNL,AVFL,11
HSNL,VC05,9
HSNL,RIML,4
HSNL,vBWML11,1
HSNL,vBWML15,3
HSNL,vBWML16,1
HSNL,vBWMR11,1
HSNL,hyp,1
HSNL,vm2AL,6
HSNL,vm2AR,6
HSNL,vm2PL,6
HSNL,vm2PR,6
AWBL,AWCL,1
AWBL,ASEL,1
AWBL,AIAL,4
AWBL,HSNL,1
AWBL,AWAL,2
AWBL,AIYL,1
AWBL,ADFL,25
AWBL,AVHR,2
AWBL,AIZL,15
AWBL,ASHL,2
AWBL,RIGL,2
AWBL,AIBR,1
AWBL,RIAL,10
AWBL,SMBDL,2
AWBL,SMBVL,3
AWBL,AVBL,2
AWAL,ASEL,7
AWAL,AWBL,9
AWAL,AIYL,3
AWAL,ASGL,1
AWAL,AFDL,7
AWAL,AIZL,23
AWAL,ASHL,2
AWAL,ADAL,2
ADLL,RIPL,3
ADLL,AWCL,2
ADLL,ASEL,1
ADLL,AIAL,19
ADLL,ALA,5
ADLL,AWBL,3
ADLL,AWAL,1
ADLL,ASER,12
ADLL,ASGL,2
ADLL,RIR,1
ADLL,ASHL,6
ADLL,RIGL,1
ADLL,AIBL,26
ADLL,AVJL,3
ADLL,ADAL,1
ADLL,RIAL,1
ADLL,SMBVL,5
ADLL,AVBL,12
ADLL,AVDR,15
ADLL,AVJR,9
ADLL,AVAR,5
ADLL,OLQVL,2
ADLL,AVDL,4
ADLL,AVAL,9
AIYL,AWCL,5
AIYL,AWCR,3
AIYL,AWAL,14
AIYL,ASER,1
AIYL,AFDL,2
AIYL,HSNR,1
AIYL,RIR,1
AIYL,AIZL,67
AIYL,RIH,1
AIYL,AIBL,3
AIYL,RIBL,42
AIYL,RIAL,51
ASER,AWAR,1
ASER,AWCL,1
ASER,AWCR,1
ASER,AIAR,4
ASER,ASEL,3
ASER,ASKL,1
ASER,AIAL,8
ASER,ADLL,4
ASER,AIYL,9
ASER,ASHR,2
ASER,AIYR,38
ASER,AFDL,2
ASER,AFDR,3
ASER,AIZL,1
ASER,ADLR,1
ASER,AIBR,32
ASER,AIBL,4
ASER,hyp,2
ADFR,AWAR,1
ADFR,AWCR,1
ADFR,ADFR,1
ADFR,ASHR,6
ADFR,AIYR,2
ADFR,AIZR,37
ADFR,AWBR,4
ADFR,URXR,10
ADFR,RIR,7
ADFR,AVHL,1
ADFR,AFDR,1
ADFR,BAGL,6
ADFR,RIH,2
ADFR,PVPR,1
ADFR,RIAR,61
ADFR,RIGR,24
ADFR,ADAR,4
ADFR,SMBVR,19
ADFR,AUAR,9
ADFR,SMBDR,2
ADFR,URYVR,2
ADFR,OLQVR,1
ASKR,AWAR,2
ASKR,AIAR,35
ASKR,AIAL,1
ASKR,AIMR,5
ASKR,ALA,1
ASKR,HSNL,1
ASKR,ASER,1
ASKR,ASGR,1
ASKR,CEPVR,2
ASKR,RIFR,1
ASKR,ADLR,3
ASKR,AIBR,2
ASHR,AWAR,1
ASHR,AIAR,28
ASHR,HSNL,4
ASHR,AWBL,1
ASHR,ADFR,3
ASHR,ASHR,2
ASHR,HSNR,5
ASHR,AVHL,1
ASHR,ADLR,13
ASHR,PVPR,1
ASHR,RIAR,3
ASHR,AIBR,7
ASHR,ADAR,5
ASHR,RMGR,6
ASHR,PVCL,3
ASHR,SMBVR,7
ASHR,AVER,7
ASHR,AVDR,2
ASHR,AVAR,10
ASHR,AVDL,27
ASHR,AVBR,6
AIYR,AWAR,1
AIYR,AINL,1
AIYR,ASEL,2
AIYR,AIYL,7
AIYR,ASER,4
AIYR,ADFR,1
AIYR,AIZR,70
AIYR,ASGR,2
AIYR,AWBR,1
AIYR,AFDR,1
AIYR,RIAR,50
AIYR,BAGR,1
AIYR,RIBR,60
AIYR,RIVR,1
AIZR,AWAR,1
AIZR,AWCR,2
AIZR,AIAR,5
AIZR,SMDDR,4
AIZR,ASER,2
AIZR,ADFR,1
AIZR,RIAR,25
AIZR,AIBR,3
AIZR,AIBL,50
AIZR,SMBVR,10
AIZR,DVA,3
AIZR,AVER,1
AIZR,SMBDR,17
AIZR,SIADR,1
AIZR,AVEL,28
AIZR,RIMR,34
ASGL,ASKL,2
ASGL,AIAL,46
ASGL,AINR,2
ASGL,AIBL,17
AINR,AWCL,2
AINR,URXL,2
AINR,AINL,1
AINR,ASEL,1
AINR,AIAL,2
AINR,ASER,3
AINR,ASGL,1
AINR,AINR,1
AINR,AFDL,9
AINR,URXR,2
AINR,AFDR,3
AINR,AUAL,1
AINR,CEPDL,2
AINR,AIBL,2
AINR,BAGR,9
AINR,AUAR,2
AINR,RIBL,8
AINR,RID,2
AINR,CEPshDL,4
ASGR,AIAR,51
ASGR,ASER,3
ASGR,AIYR,1
ASGR,AIBR,20
AWBR,AIMR,1
AWBR,HSNL,2
AWBR,ASER,1
AWBR,ADFR,7
AWBR,ASHR,2
AWBR,AIYR,1
AWBR,AIZR,8
AWBR,ASGR,1
AWBR,HSNR,2
AWBR,RIR,7
AWBR,RIFR,1
AWBR,RIAR,3
AWBR,URYVR,1
AWBR,OLQVR,1
AWBR,AVBR,2
CEPVR,RIPR,3
CEPVR,SMDDR,2
CEPVR,ASGR,2
CEPVR,ADLR,3
CEPVR,RIAR,1
CEPVR,IL2VR,3
CEPVR,RICL,13
CEPVR,SMBVR,2
CEPVR,RIAL,1
CEPVR,CEPDR,1
CEPVR,SIAVR,7
CEPVR,AVEL,13
CEPVR,OLLR,14
CEPVR,IL1VR,8
CEPVR,URAVR,3
CEPVR,RICR,12
CEPVR,RMHR,15
CEPVR,URYVR,2
CEPVR,OLQVR,11
CEPVR,RIVL,2
CEPVR,RMDDR,4
CEPVR,vBWMR3,1
CEPVR,vBWMR5,2
CEPVR,vBWMR8,2
CEPVR,CEPshVR,2
ADFL,AWCR,2
ADFL,URXL,1
ADFL,AIAL,2
ADFL,AWBL,2
ADFL,ADLL,1
ADFL,AFDL,1
ADFL,RIR,4
ADFL,AIZL,39
ADFL,AUAL,12
ADFL,RIGL,4
ADFL,RIGR,1
ADFL,AIBR,1
ADFL,AIBL,2
ADFL,ADAL,2
ADFL,RIBL,4
ADFL,RIAL,46
ADFL,SMDVL,1
ADFL,SMBDL,1
ADFL,SMBVL,9
ADFL,RIVL,1
AFDL,ASEL,1
AFDL,AWBL,4
AFDL,AIYL,25
AFDL,ASER,1
AFDL,AINR,3
AFDL,AFDL,1
AFDL,AIBL,1
AVHR,AWBL,1
AVHR,ASKR,1
AVHR,RIR,8
AVHR,AVHL,1
AVHR,ADLR,3
AVHR,RIGL,1
AVHR,AVFR,2
AVHR,AQR,1
AVHR,DVA,1
AVHR,SMBDL,3
AVHR,SMBVL,1
AVHR,AVBL,3
AVHR,PVPL,9
AVHR,AVDR,1
AVHR,AVJR,5
AVHR,AVFL,2
AVHR,AVG,1
AVHR,AVAL,1
AVHR,AVBR,1
AVHR,vBWMR9,1
HSNR,AIAL,3
HSNR,PVQR,1
HSNR,HSNL,1
HSNR,AWBL,2
HSNR,AIZR,1
HSNR,AVHR,2
HSNR,RIFR,6
HSNR,AVHL,2
HSNR,AIZL,3
HSNR,ASHL,4
HSNR,PVPR,1
HSNR,AIBL,2
HSNR,AVFR,2
HSNR,RMGR,1
HSNR,AVJL,3
HSNR,PVNR,2
HSNR,AVER,1
HSNR,BDUR,2
HSNR,AVDR,1
HSNR,AVEL,1
HSNR,AS05,2
HSNR,AVFL,4
HSNR,PVT,1
HSNR,RIMR,1
HSNR,VC02,6
HSNR,VC03,1
HSNR,VC05,2
HSNR,VC04,1
HSNR,RIML,1
HSNR,SABD,1
HSNR,VA06,2
HSNR,RMDDR,1
HSNR,SABVR,1
HSNR,DA05,2
HSNR,DA06,1
HSNR,DB05,1
HSNR,vBWMR9,1
HSNR,vBWMR10,4
HSNR,vBWMR15,1
HSNR,vBWMR16,2
HSNR,vm2AL,6
HSNR,vm2AR,6
HSNR,vm2PL,6
HSNR,vm2PR,6
URXR,RIPR,10
URXR,AIMR,3
URXR,ADFR,4
URXR,AWBR,2
URXR,RIR,4
URXR,RIFR,3
URXR,ADLR,3
URXR,RIAR,20
URXR,RIGR,7
URXR,ADAR,1
URXR,RMGR,6
URXR,URBR,8
URXR,SMBVR,7
URXR,AUAR,21
URXR,CEPDR,1
URXR,AVER,2
URXR,SIADL,2
URXR,SIAVR,4
URXR,AVBL,2
URXR,ALMR,1
URXR,AVAR,2
URXR,RICR,3
URXR,RMDDL,2
URXR,RMDR,8
URXR,OLQVR,2
URXR,AVBR,3
RIR,URXL,9
RIR,AIMR,1
RIR,HSNL,1
RIR,ADFR,4
RIR,ASHR,1
RIR,AIZR,15
RIR,AWBR,1
RIR,ADFL,1
RIR,URXR,6
RIR,AFDR,1
RIR,AIZL,12
RIR,ASHL,1
RIR,AUAL,7
RIR,RIGL,2
RIR,PVPR,1
RIR,RIAR,4
RIR,RIGR,4
RIR,RMGL,1
RIR,ADAR,1
RIR,RMGR,1
RIR,BAGR,1
RIR,AQR,2
RIR,RIAL,11
RIR,DVA,9
RIR,PVPL,2
RIR,AVEL,4
RIFR,RIPR,2
RIFR,HSNL,2
RIFR,ASHR,6
RIFR,AWBR,2
RIFR,CEPVR,2
RIFR,HSNR,3
RIFR,URXR,3
RIFR,AIZL,1
RIFR,ADLR,1
RIFR,PVPR,6
RIFR,RIAR,1
RIFR,AVJL,2
RIFR,PVCL,1
RIFR,AVBL,1
RIFR,PVCR,1
RIFR,RIFL,1
RIFR,AVJR,2
RIFR,AVFL,1
RIFR,RIMR,10
RIFR,AVBR,35
AVHL,PVQR,3
AVHL,ADFR,5
AVHL,ASHR,1
AVHL,AWBR,3
AVHL,AVHR,1
AVHL,RIR,2
AVHL,RIFR,1
AVHL,PVPR,2
AVHL,AVFR,5
AVHL,AVJL,4
AVHL,SMBVR,4
AVHL,SMBDR,4
AVHL,BDUR,1
AVHL,AVBL,2
AVHL,PVPL,1
AVHL,AVJR,1
AVHL,AVAR,1
AVHL,AVFL,1
AVHL,RIMR,1
AVHL,AVDL,1
AVHL,AVBR,1
AVHL,SABD,1
AVHL,DD01,1
AVHL,VD01,1
AVHL,hyp,1
AFDR,ASEL,1
AFDR,ASER,4
AFDR,AIYR,29
AFDR,AFDL,1
AIZL,AWCR,2
AIZL,ASEL,4
AIZL,AIAL,12
AIZL,ADFL,1
AIZL,AFDL,1
AIZL,RIGL,4
AIZL,AIBR,53
AIZL,AIBL,10
AIZL,RIAL,29
AIZL,DVA,1
AIZL,AVER,26
AIZL,SMDVL,3
AIZL,SMBDL,24
AIZL,SMBVL,21
AIZL,AVEL,3
AIZL,AVKR,4
AIZL,RICR,11
AIZL,URYDL,3
AIZL,RIML,35
AIZL,VB02,1
AIZL,vBWML7,1
ADLR,RIPR,2
ADLR,AWCR,7
ADLR,AIAR,22
ADLR,ASER,2
ADLR,ASHR,4
ADLR,CEPVR,1
ADLR,URXR,8
ADLR,RIFR,2
ADLR,ADLR,3
ADLR,AIBR,27
ADLR,ADAR,1
ADLR,AVJL,2
ADLR,PVCL,3
ADLR,URBR,6
ADLR,RICL,1
ADLR,SMBVR,5
ADLR,SIBVL,2
ADLR,AVBL,3
ADLR,AVDR,3
ADLR,AVJR,3
ADLR,OLLR,1
ADLR,AVAR,8
ADLR,RICR,5
ADLR,OLQVR,1
ADLR,AVDL,26
ADLR,AVBR,7
ASHL,RIPL,4
ASHL,URXL,2
ASHL,ASKL,1
ASHL,AIAL,24
ASHL,HSNL,2
ASHL,ADLL,6
ASHL,ADFL,6
ASHL,AVHR,2
ASHL,RIR,4
ASHL,AIZL,3
ASHL,AIBL,13
ASHL,ADAL,2
ASHL,RIAL,9
ASHL,AVBL,14
ASHL,AVDR,20
ASHL,AVAR,1
ASHL,AVFL,2
ASHL,AVDL,7
ASHL,AVAL,15
ASHL,RIML,4
AUAL,URXL,1
AUAL,AIYL,1
AUAL,ADFL,1
AUAL,AIZL,2
AUAL,AIBR,1
AUAL,BAGR,3
AUAL,RIBL,35
AUAL,RIAL,21
AUAL,DVA,2
AUAL,AVDR,2
AUAL,AVEL,9
AUAL,AVAL,11
RIGL,URXL,6
RIGL,ADLL,2
RIGL,AIZR,2
RIGL,ADFL,1
RIGL,RIR,8
RIGL,AIZL,10
RIGL,RIH,2
RIGL,AIBR,4
RIGL,RMGL,6
RIGL,BAGR,3
RIGL,RIBL,3
RIGL,DVA,1
RIGL,AVER,1
RIGL,ALNL,6
RIGL,PVPL,2
RIGL,AVEL,7
RIGL,AVKR,17
RIGL,OLQVL,2
RIGL,RMHR,23
BAGL,RIPR,1
BAGL,AINL,1
BAGL,ADFR,1
BAGL,AIZR,2
BAGL,CEPVR,2
BAGL,URXR,1
BAGL,RIGL,3
BAGL,RIAR,18
BAGL,RIGR,7
BAGL,AIBL,2
BAGL,BAGR,1
BAGL,AUAR,2
BAGL,RIBR,19
BAGL,AVER,7
BAGL,AVEL,2
BAGL,RID,3
BAGL,AVAR,3
BAGL,URAVR,1
BAGL,RIVR,2
BAGL,CEPshVR,3
RIH,RIPL,18
RIH,RIPR,7
RIH,AIYL,3
RIH,ADFR,3
RIH,AIYR,4
RIH,AIZR,19
RIH,CEPVR,6
RIH,AIZL,12
RIH,BAGL,2
RIH,RIAR,36
RIH,CEPDL,6
RIH,IL2VR,5
RIH,BAGR,5
RIH,AUAR,2
RIH,RIBR,15
RIH,IL2VL,4
RIH,RIBL,18
RIH,RIAL,34
RIH,IL2L,2
RIH,CEPVL,3
RIH,IL2R,3
RIH,OLQVL,13
RIH,URAVR,1
RIH,OLQDL,11
RIH,URYVR,4
RIH,OLQDR,7
RIH,OLQVR,7
RIH,RMER,6
RIH,RMEV,10
RIH,CEPshVR,5
PVPR,PVQR,1
PVPR,ADFR,2
PVPR,ASHR,2
PVPR,HSNR,2
PVPR,URXR,1
PVPR,AVHL,3
PVPR,RIAR,2
PVPR,RIGR,2
PVPR,AVJL,2
PVPR,PVCL,6
PVPR,AQR,5
PVPR,AVBL,8
PVPR,PVCR,13
PVPR,DVC,3
PVPR,AVAR,5
PVPR,AVG,1
PVPR,AVL,4
PVPR,RIMR,1
PVPR,AVAL,1
PVPR,AVBR,11
PVPR,DD02,1
PVPR,vBWMR10,1
PVPR,vBWMR11,1
RIAR,SMDDR,26
RIAR,ADFR,2
RIAR,CEPVR,1
RIAR,RIAR,3
RIAR,SMBVR,2
RIAR,AUAR,2
RIAR,RIBR,1
RIAR,RIAL,38
RIAR,CEPVL,1
RIAR,IL1R,2
RIAR,RMDL,9
RIAR,SMDVL,43
RIAR,SMBDR,2
RIAR,SMDVR,26
RIAR,SIAVL,7
RIAR,SAADR,1
RIAR,SIADR,4
RIAR,AVAR,2
RIAR,RMDVL,57
RIAR,RMDVR,47
RIAR,RMDDL,48
RIAR,SMDDL,32
RIAR,RMDR,35
RIAR,RIVR,3
RIAR,RIVL,3
RIAR,RMDDR,53
RIAR,vBWML6,2
CEPDL,RIPL,8
CEPDL,AINL,2
CEPDL,AFDL,2
CEPDL,RIH,1
CEPDL,RMGL,6
CEPDL,RICL,11
CEPDL,RIBL,3
CEPDL,URBL,11
CEPDL,CEPDR,1
CEPDL,AVER,13
CEPDL,RMHL,1
CEPDL,SMBDR,5
CEPDL,ALML,2
CEPDL,SIADR,4
CEPDL,OLLL,8
CEPDL,IL2DL,1
CEPDL,IL1DL,18
CEPDL,RMDVL,13
CEPDL,OLQDL,27
CEPDL,RIS,3
CEPDL,RICR,8
CEPDL,RMDDL,2
CEPDL,RMHR,8
CEPDL,URYDL,7
CEPDL,URADL,8
CEPDL,SIBDR,2
CEPDL,dBWML5,2
RIGR,AIZR,5
RIGR,URXR,3
RIGR,RIR,5
RIGR,AFDR,1
RIGR,BAGL,2
RIGR,RIAR,3
RIGR,AIBL,2
RIGR,RIBR,2
RIGR,DVA,4
RIGR,AVER,4
RIGR,RMHL,17
RIGR,ALNR,3
RIGR,AVKL,21
RIGR,AVKR,5
RIGR,DVC,2
RIGR,URYVR,2
RIGR,OLQVR,2
RIGR,PVT,5
RIGR,AVDL,1
URYDR,AWCL,1
URYDR,URXR,1
URYDR,RIBR,1
URYDR,CEPDR,3
URYDR,AVER,2
URYDR,SMDVR,3
URYDR,AVBL,1
URYDR,AVEL,5
URYDR,IL1DR,5
URYDR,RMDVR,12
URYDR,RMDDL,9
URYDR,SMDDL,11
URYDR,OLQDR,1
URYDR,RMED,7
URYDR,dBWMR2,2
URYDR,GLRDR,2
AIBR,AWCR,1
AIBR,AIAR,1
AIBR,SAAVR,1
AIBR,AIYR,1
AIBR,ADLR,1
AIBR,AUAL,1
AIBR,RIGL,1
AIBR,AQR,1
AIBR,RMFL,1
AIBR,RIBL,11
AIBR,RIAL,2
AIBR,DVA,1
AIBR,SMDVL,7
AIBR,SIADL,1
AIBR,SAADR,2
AIBR,AVEL,4
AIBR,AVAR,2
AIBR,RICR,1
AIBR,SMDDL,17
AIBR,SAADL,2
AIBR,RIMR,5
AIBR,VB01,3
AIBR,RIML,47
AIBR,AVBR,13
AIBR,SIBDR,1
AIBR,SIBDL,1
RMGL,URXL,3
RMGL,AIML,3
RMGL,SMDDR,2
RMGL,ADLL,1
RMGL,ASHL,1
RMGL,CEPDL,1
RMGL,AIBR,2
RMGL,AVFR,1
RMGL,ADAL,4
RMGL,RMDL,2
RMGL,RMHL,1
RMGL,SIBVL,4
RMGL,SIADL,2
RMGL,SMBVL,2
RMGL,SIAVL,4
RMGL,SIADR,2
RMGL,PVPL,1
RMGL,RIFL,1
RMGL,AVEL,2
RMGL,RID,2
RMGL,RMDVL,15
RMGL,RMHR,4
RMGL,SMDDL,1
RMGL,SAADL,1
RMGL,RMDR,16
RMGL,AVAL,3
RMGL,AVBR,3
RMGL,SIBVR,4
RMGL,RMDDR,1
RMGL,SIBDR,1
RMGL,dBWML4,7
RMGL,dBWML5,1
RMGL,vBWML5,2
AIBL,SAAVR,1
AIBL,SMDDR,16
AIBL,ASHR,3
AIBL,AIZR,7
AIBL,ASHL,1
AIBL,RIGR,5
AIBL,AIBL,2
AIBL,RIBR,16
AIBL,SMDVR,4
AIBL,SAADR,10
AIBL,SIAVR,2
AIBL,AVBL,21
AIBL,SIADR,2
AIBL,RIFL,1
AIBL,AVEL,1
AIBL,FLPL,1
AIBL,SAADL,6
AIBL,SAAVL,3
AIBL,RMFR,6
AIBL,RIMR,56
AIBL,AVAL,5
AIBL,RIML,1
AIBL,SIBVR,2
ADAR,RIPR,9
ADAR,ASHR,2
ADAR,URXR,2
ADAR,RIFR,1
ADAR,URYDR,2
ADAR,AIBR,3
ADAR,AIBL,1
ADAR,AVJL,13
ADAR,SMDVL,1
ADAR,AVBL,8
ADAR,PVR,6
ADAR,AVDR,3
ADAR,AVEL,1
ADAR,AVAR,8
ADAR,RIMR,15
ADAR,AVDL,2
ADAR,AVBR,15
ADAR,RIVR,5
AVFR,AIML,1
AVFR,AIAL,1
AVFR,PVQL,2
AVFR,HSNL,4
AVFR,ASHR,1
AVFR,AVHR,3
AVFR,HSNR,3
AVFR,AVHL,3
AVFR,PVPR,1
AVFR,RMGL,1
AVFR,AVJL,5
AVFR,AVBL,6
AVFR,PVCR,1
AVFR,AVJR,1
AVFR,PVDL,1
AVFR,AVFL,7
AVFR,AVG,1
AVFR,RMDDL,1
AVFR,AVAL,1
AVFR,AVBR,6
AVFR,VD11,1
AVFR,VA02,1
AVFR,vBWML11,1
AVFR,vBWML12,1
AVFR,vBWMR10,1
AVFR,vBWMR14,2
AVFR,hyp,1
RMGR,ADER,2
RMGR,SAAVR,1
RMGR,AIMR,2
RMGR,ASHR,1
RMGR,URXR,3
RMGR,RIR,1
RMGR,RIGR,2
RMGR,ADAR,2
RMGR,AVJL,4
RMGR,SMBVR,1
RMGR,IL2R,2
RMGR,AVER,6
RMGR,RMDL,20
RMGR,ALNR,4
RMGR,SIADL,1
RMGR,SIAVR,2
RMGR,AVBL,2
RMGR,ALMR,1
RMGR,OLLR,1
RMGR,RMDVR,23
RMGR,RMDDL,1
RMGR,SAADL,3
RMGR,RMDR,7
RMGR,AVDL,2
RMGR,AVAL,1
RMGR,AVBR,3
RMGR,SIBDL,2
RMGR,dBWMR5,3
RMGR,vBWMR8,2
AVJL,AINL,1
AVJL,ASHR,1
AVJL,RIFR,1
AVJL,AVHL,3
AVJL,PVCL,5
AVJL,PVNR,4
AVJL,AVBL,5
AVJL,PVCR,1
AVJL,AVJR,1
AVJL,AVEL,1
AVJL,AVAR,1
AVJL,RIS,1
AVJL,AVDL,1
AVJL,AVBR,6
AVJL,SABD,1
PVCL,ASHR,2
PVCL,ADLR,2
PVCL,AVJL,3
PVCL,PVCL,1
PVCL,SMBVR,3
PVCL,DVA,4
PVCL,AVER,7
PVCL,SIBVL,7
PVCL,AVBL,7
PVCL,PVCR,10
PVCL,AVDR,11
PVCL,AVJR,2
PVCL,AVEL,2
PVCL,PDEL,1
PVCL,RID,12
PVCL,VB06,2
PVCL,AVAR,7
PVCL,AVG,2
PVCL,RIS,2
PVCL,AVDL,7
PVCL,AVAL,5
PVCL,VB04,3
PVCL,AVBR,27
PVCL,VB11,1
PVCL,AS02,1
PVCL,SIBDL,2
PVCL,AS01,1
PVCL,DB02,4
PVCL,DA05,1
PVCL,DB03,2
PVCL,DB04,6
PVCL,DB05,2
PVCL,DA08,2
PVCL,DB07,5
PVCL,VB07,1
PVCL,VB08,1
SDQR,ADLL,1
SDQR,AIBL,8
SDQR,RICL,1
SDQR,DVA,10
SDQR,RMHL,15
SDQR,SIADL,2
SDQR,SDQL,4
SDQR,ALML,1
SDQR,AVBL,23
SDQR,RICR,3
SDQR,RMHR,7
SDQR,AVAL,8
SDQR,AVBR,19
SDQR,vBWMR7,1
ADAL,RIPL,4
ADAL,URXL,2
ADAL,AIAL,2
ADAL,ADLL,2
ADAL,AIBR,2
ADAL,AIBL,2
ADAL,ADAL,6
ADAL,RICL,3
ADAL,SMDVR,3
ADAL,AVBL,5
ADAL,PVPL,1
ADAL,AVDR,2
ADAL,AVJR,11
ADAL,AVEL,3
ADAL,AVAR,7
ADAL,RICR,1
ADAL,URAVL,1
ADAL,AVDL,1
ADAL,AVAL,3
ADAL,RIML,9
ADAL,AVBR,21
IL2VR,RIPR,43
IL2VR,URXR,1
IL2VR,ADLR,1
IL2VR,RIH,5
IL2VR,RIAR,2
IL2VR,SIADR,1
IL2VR,IL1VR,29
IL2VR,URAVR,16
IL2VR,RMEL,8
IL2VR,OLQVR,9
IL2VR,RMER,17
IL2VR,RMEV,15
IL2VR,AVAL,1
IL2VR,RMED,2
IL2VR,CEPshVR,2
URBR,ADER,1
URBR,CEPVR,4
URBR,URXR,16
URBR,ADLR,2
URBR,ADAR,5
URBR,RMGR,8
URBR,RICL,1
URBR,SMBVR,1
URBR,IL2R,3
URBR,CEPDR,1
URBR,IL1R,5
URBR,RMDL,1
URBR,SMBDL,4
URBR,SIADL,3
URBR,SIAVR,3
URBR,OLLR,1
URBR,IL1DR,2
URBR,RICR,1
URBR,RMDR,1
URBR,OLQDR,2
URBR,AVDL,1
URBR,AVBR,1
URBR,SIBVR,2
URBR,SIBDR,2
RICL,SMDDR,8
RICL,ADLR,2
RICL,CEPDL,1
RICL,ADAR,7
RICL,ADAL,1
RICL,URBR,2
RICL,CEPVL,2
RICL,SMBDR,1
RICL,SMBDL,5
RICL,SMDVR,1
RICL,AVAR,18
RICL,OLQVL,1
RICL,RICR,2
RICL,SMDDL,11
RICL,SAAVL,2
RICL,RMFR,2
RICL,RIMR,8
RICL,AVAL,15
RICL,RIML,1
RICL,RIVR,4
SMBVR,CEPVR,8
SMBVR,AVHL,2
SMBVR,ADLR,2
SMBVR,RIAR,1
SMBVR,RMGR,3
SMBVR,RMDL,2
SMBVR,SMBDR,2
SMBVR,SAADR,12
SMBVR,PLNR,5
SMBVR,SIAVR,1
SMBVR,PVR,2
SMBVR,RMDR,3
SMBVR,RMEV,8
SMBVR,dBWMR4,1
SMBVR,vBWMR1,7
SMBVR,vBWMR2,3
SMBVR,vBWMR3,10
SMBVR,vBWMR4,12
SMBVR,vBWMR5,2
SMBVR,vBWMR6,12
SMBVR,vBWMR7,12
SMBVR,vBWMR8,5
SMBVR,vBWMR9,2
SMBVR,vBWMR10,2
SMBVR,vBWMR11,2
SMBVR,vBWMR12,2
SMBVR,vBWMR13,2
SMBVR,vBWMR14,2
SMBVR,vBWMR15,2
SMBVR,vBWMR16,1
BAGR,AIYL,3
BAGR,RIGL,10
BAGR,BAGL,3
BAGR,AQR,3
BAGR,RIBR,1
BAGR,RIBL,22
BAGR,RIAL,18
BAGR,SMDVL,1
BAGR,AVEL,8
BAGR,OLQVL,2
BAGR,AVAL,4
AQR,URXL,5
AQR,RIR,1
AQR,RIGL,1
AQR,BAGL,8
AQR,PVPR,1
AQR,RIAR,4
AQR,AVJL,3
AQR,PVCL,1
AQR,BAGR,5
AQR,RIAL,8
AQR,DVA,6
AQR,AVBL,7
AQR,PVPL,3
AQR,PVCR,4
AQR,AVDR,2
AQR,AVAR,6
AQR,AVDL,3
AQR,AVAL,4
AQR,AVBR,12
AUAR,AINL,1
AUAR,AIYR,1
AUAR,AIZR,2
AUAR,AINR,1
AUAR,URXR,5
AUAR,BAGL,1
AUAR,RIAR,22
AUAR,RIBR,31
AUAR,AVER,13
AUAR,AVAR,3
RIBR,AINL,1
RIBR,AIZR,2
RIBR,BAGL,8
RIBR,RIH,2
RIBR,RIAR,8
RIBR,RIGR,5
RIBR,AIBL,3
RIBR,AUAR,2
RIBR,AVER,4
RIBR,SMDVL,2
RIBR,SMDVR,2
RIBR,AVBL,2
RIBR,AVEL,6
RIBR,OLLR,1
RIBR,AVAR,6
RIBR,RIS,1
RIBR,RMDVR,1
RIBR,URYVR,2
RIBR,SMDDL,2
RIBR,RMED,1
RMFL,SAAVR,1
RMFL,BAGL,1
RMFL,RIBR,1
RMFL,RMHL,2
RMFL,SMDVL,1
RMFL,AVKL,9
RMFL,AVKR,14
RMFL,DVC,1
RMFL,RIS,1
RMFL,RMDR,13
RMFL,PVT,3
RMFL,RIMR,2
IL2VL,RIPL,36
IL2VL,RIH,5
IL2VL,BAGR,1
IL2VL,RIAL,4
IL2VL,IL2L,1
IL2VL,DVC,1
IL2VL,OLQVL,6
IL2VL,URAVL,7
IL2VL,IL1VL,27
IL2VL,RMEL,7
IL2VL,RMER,6
IL2VL,RMEV,2
RIBL,AUAL,9
RIBL,RIGL,1
RIBL,AIBR,8
RIBL,BAGR,3
RIBL,RIAL,6
RIBL,CEPVL,5
RIBL,AVER,14
RIBL,SMDVR,6
RIBL,AVDR,4
RIBL,AVEL,9
RIBL,DVC,1
RIBL,RIS,5
RIBL,URYDL,3
RIBL,RMDR,1
RIBL,AVAL,5
RIBL,RIML,1
RIBL,AVBR,1
RIAL,URXL,2
RIAL,SMDDR,33
RIAL,RIR,3
RIAL,AIZL,1
RIAL,RIAR,23
RIAL,CEPDL,1
RIAL,BAGR,2
RIAL,AQR,4
RIAL,RIBL,2
RIAL,RMDL,26
RIAL,SMDVL,14
RIAL,SMBDR,7
RIAL,SIADL,3
RIAL,SMDVR,32
RIAL,SIAVR,2
RIAL,RMDVL,48
RIAL,RMDVR,48
RIAL,RMDDL,48
RIAL,SMDDL,22
RIAL,SAADL,1
RIAL,RMDR,17
RIAL,RIMR,2
RIAL,AVAL,2
RIAL,RIML,2
RIAL,RIVR,12
RIAL,RIVL,8
RIAL,RMDDR,35
DVA,URXL,1
DVA,SAAVR,1
DVA,AIZR,3
DVA,RIR,4
DVA,AIZL,5
DVA,AUAL,4
DVA,PVPR,3
DVA,RIAR,4
DVA,PVCL,4
DVA,SMBVR,6
DVA,AQR,6
DVA,AUAR,8
DVA,RIAL,3
DVA,AVER,17
DVA,SMDVL,1
DVA,SMBDR,6
DVA,SMBDL,6
DVA,SMBVL,5
DVA,SAADR,5
DVA,AVBL,1
DVA,PVR,2
DVA,PVCR,1
DVA,AVDR,2
DVA,AVEL,19
DVA,PDEL,2
DVA,AVAR,2
DVA,VA12,1
DVA,URYDL,3
DVA,SAAVL,3
DVA,RIMR,5
DVA,VB01,1
DVA,AVAL,6
DVA,AVBR,1
DVA,SABD,2
DVA,VB11,2
DVA,VA02,2
DVA,VA06,1
DVA,DA02,1
DVA,DB02,2
DVA,DB03,3
DVA,DB04,1
DVA,DB07,1
DVA,VA08,1
DVA,VB07,1
DVA,vBWML22,2
DVA,hyp,1
IL2L,URXL,3
IL2L,RIH,25
IL2L,RICL,1
IL2L,ADEL,6
IL2L,AVEL,2
IL2L,IL1L,6
IL2L,OLQVL,19
IL2L,OLQDL,20
IL2L,URAVL,2
IL2L,RMDR,3
IL2L,RMER,10
IL2L,RMEV,5
CEPVL,RIPL,4
CEPVL,URXL,2
CEPVL,RMGL,2
CEPVL,RICL,20
CEPVL,RIBL,3
CEPVL,RIAL,1
CEPVL,URYVL,5
CEPVL,AVER,5
CEPVL,RMHL,10
CEPVL,SMDVR,1
CEPVL,SMBVL,1
CEPVL,SIAVL,6
CEPVL,PVR,3
CEPVL,OLLL,4
CEPVL,OLQVL,19
CEPVL,RICR,17
CEPVL,RMDVR,8
CEPVL,URAVL,6
CEPVL,RMDDL,7
CEPVL,RMHR,5
CEPVL,IL1VL,9
CEPVL,vBWML5,1
CEPVL,vBWML7,2
CEPVL,CEPshVL,1
CEPVL,exc_gl,2
URYVL,URXL,2
URYVL,RIH,2
URYVL,ADAL,1
URYVL,RIBL,9
URYVL,RIAL,2
URYVL,CEPVL,3
URYVL,AVER,23
URYVL,SIBVL,1
URYVL,SMDVR,13
URYVL,AVDR,2
URYVL,AVJR,1
URYVL,RID,4
URYVL,OLLL,9
URYVL,OLQVL,9
URYVL,RIS,1
URYVL,RMDVR,17
URYVL,RMDDL,23
URYVL,IL1VL,1
URYVL,AVBR,1
URYVL,SIBVR,4
URYVL,CEPshVL,1
URBL,URXL,26
URBL,CEPDL,2
URBL,ADAL,3
URBL,RICL,1
URBL,URBL,1
URBL,SMBDR,3
URBL,SIAVL,2
URBL,AVBL,1
URBL,SIADR,2
URBL,PVR,1
URBL,OLLL,1
URBL,IL1L,10
URBL,RICR,1
URBL,RMHR,5
URBL,URYDL,1
URBL,RMDDR,2
PVNR,URXL,2
PVNR,HSNR,1
PVNR,CEPDL,2
PVNR,AVJL,1
PVNR,URBL,2
PVNR,PVNR,1
PVNR,ALML,2
PVNR,PVR,1
PVNR,PVCR,2
PVNR,PQR,4
PVNR,AVDR,2
PVNR,BDUL,1
PVNR,AVJR,1
PVNR,AVEL,5
PVNR,PVDR,5
PVNR,PVT,3
PVNR,AVL,3
PVNR,VC02,1
PVNR,AVDL,1
PVNR,AVAL,5
PVNR,PVWR,2
PVNR,VA11,1
PVNR,VD06,1
PVNR,AVBR,1
PVNR,PVWL,9
PVNR,VD13,1
PVNR,DD02,1
PVNR,DB03,1
PVNR,VD03,3
PVNR,VA05,1
PVNR,VD07,1
PVNR,VD12,1
PVNR,VD04,6
PVNR,vBWML21,3
PVNR,vBWMR20,1
PVNR,vBWMR21,1
PVNR,hyp,9
IL2R,ADER,5
IL2R,URXR,1
IL2R,RIH,19
IL2R,RMGR,1
IL2R,URBR,3
IL2R,IL1R,2
IL2R,AVER,2
IL2R,RMDL,3
IL2R,OLLR,5
IL2R,URAVR,1
IL2R,URADR,2
IL2R,RMEL,5
IL2R,OLQDR,10
IL2R,OLQVR,26
IL2R,RMEV,2
CEPDR,URXR,2
CEPDR,RIFR,2
CEPDR,RIH,4
CEPDR,URYDR,3
CEPDR,RMGR,1
CEPDR,URBR,14
CEPDR,RICL,13
CEPDR,RIBR,3
CEPDR,CEPDR,6
CEPDR,IL1R,1
CEPDR,RMHL,7
CEPDR,SMBDL,1
CEPDR,BDUR,5
CEPDR,AVEL,9
CEPDR,OLLR,13
CEPDR,IL1DR,15
CEPDR,RICR,19
CEPDR,RMDVR,3
CEPDR,RMHR,1
CEPDR,URADR,3
CEPDR,RMDR,1
CEPDR,OLQDR,20
CEPDR,SIBVR,1
CEPDR,dBWMR3,5
CEPDR,dBWMR5,2
IL1R,URXR,1
IL1R,AVER,5
IL1R,RMDL,11
IL1R,RMHL,3
IL1R,AVEL,2
IL1R,OLLR,1
IL1R,RMDVL,8
IL1R,RMDVR,17
IL1R,RMDDL,8
IL1R,RMEL,5
IL1R,RMDR,4
IL1R,RMDDR,12
IL1R,dBWMR3,16
IL1R,dBWMR4,3
IL1R,dBWMR5,13
IL1R,vBWMR4,19
AVER,AIZR,1
AVER,URXR,1
AVER,CEPDL,1
AVER,RMGR,1
AVER,AVDR,4
AVER,AVEL,3
AVER,DA01,11
AVER,OLLL,1
AVER,AVAR,33
AVER,RIMR,1
AVER,AVDL,4
AVER,AVAL,14
AVER,SABVL,12
AVER,SABD,1
AVER,VA04,2
AVER,AS02,4
AVER,VA02,4
AVER,SABVR,11
AVER,AS01,6
AVER,DA02,7
AVER,VA01,5
AVER,DA03,3
AVER,AS03,1
AVER,DB03,1
AVER,VA03,1
RMDL,ADER,3
RMDL,SMDDR,1
RMDL,URXR,1
RMDL,RIAR,22
RMDL,SMBVR,2
RMDL,RIBR,1
RMDL,RIAL,20
RMDL,IL1R,1
RMDL,RMHL,3
RMDL,AVKR,1
RMDL,IL1L,1
RMDL,OLLR,3
RMDL,RMDVL,2
RMDL,RIS,1
RMDL,RMDVR,3
RMDL,RMDR,8
RMDL,RMFR,1
RMDL,RIML,3
RMDL,RIVL,1
RMDL,SIBVR,3
RMDL,RMDDR,7
RMDL,dBWML3,1
RMDL,dBWML5,2
RMDL,dBWMR3,4
RMDL,dBWMR4,6
RMDL,vBWML1,4
RMDL,vBWMR4,8
RMDL,vBWMR8,1
RMHL,URXR,1
RMHL,RICL,1
RMHL,IL1R,2
RMHL,RID,1
RMHL,AVAR,1
RMHL,RICR,1
RMHL,RMDDL,2
RMHL,SAAVL,1
RMHL,RMDR,1
RMHL,dBWMR3,7
RMHL,dBWMR4,2
RMHL,dBWMR5,2
ALNL,RMGL,1
ALNL,RIAL,1
ALNL,RMHL,1
ALNL,SMDVL,1
ALNL,SMBDR,7
ALNL,SIADR,1
ALNL,SAAVL,8
ALNL,RMDDR,1
SMDVL,SMDDR,22
SMDVL,CEPVR,1
SMDVL,RIAR,31
SMDVL,RIBR,1
SMDVL,RIAL,19
SMDVL,IL2L,1
SMDVL,ALNL,2
SMDVL,ALNR,6
SMDVL,SIBVL,30
SMDVL,PLNL,6
SMDVL,SMDVR,2
SMDVL,SIAVR,30
SMDVL,SIADR,1
SMDVL,PVR,1
SMDVL,RIVL,6
SMDVL,RMDDR,3
SMDVL,dBWML1,3
SMDVL,dBWML2,3
SMDVL,vBWMR2,7
SMDVL,vBWMR3,8
SMDVL,vBWMR5,15
SMDVL,vBWMR6,16
SMDVL,vBWMR7,15
SMDVL,vBWMR8,20
SMDVL,vBWMR9,15
SMDVL,vBWMR10,15
SMDVL,vBWMR11,15
SMDVL,vBWMR12,15
SMDVL,vBWMR13,15
SMDVL,vBWMR14,15
SMDVL,vBWMR15,15
SMDVL,vBWMR16,7
SMBDR,SMDDR,4
SMBDR,ALNL,5
SMBDR,SMBDL,3
SMBDR,SIAVR,1
SMBDR,SDQL,18
SMBDR,SIADR,20
SMBDR,SAAVL,8
SMBDR,AVAL,1
SMBDR,RMED,25
SMBDR,RIVL,1
SMBDR,dBWML1,5
SMBDR,dBWML2,11
SMBDR,dBWML4,3
SMBDR,dBWML5,20
SMBDR,dBWML6,7
SMBDR,dBWML7,9
SMBDR,dBWMR1,3
SMBDR,dBWMR2,3
SMBDR,dBWMR7,9
SMBDR,dBWML8,12
SMBDR,dBWML9,9
SMBDR,dBWML10,9
SMBDR,dBWML11,9
SMBDR,dBWML12,9
SMBDR,dBWML13,9
SMBDR,dBWML14,9
SMBDR,dBWML15,9
SMBDR,dBWML16,3
ALNR,ADER,1
ALNR,SAAVR,6
ALNR,SMDDR,1
ALNR,SMDVL,2
ALNR,SMBDL,4
ALNR,AVAL,6
ALNR,RIML,5
SMBDL,SAAVR,9
SMBDL,AIZL,1
SMBDL,RIH,2
SMBDL,SDQR,18
SMBDL,ALNR,1
SMBDL,SIADL,19
SMBDL,SMBVL,2
SMBDL,SIAVL,3
SMBDL,SMDDL,7
SMBDL,RMED,4
SMBDL,dBWMR1,4
SMBDL,dBWMR2,11
SMBDL,dBWMR3,6
SMBDL,dBWMR4,9
SMBDL,dBWMR5,9
SMBDL,dBWMR6,10
SMBDL,dBWMR7,9
SMBDL,dBWMR8,12
SMBDL,dBWMR9,9
SMBDL,dBWMR10,9
SMBDL,dBWMR11,9
SMBDL,dBWMR12,9
SMBDL,dBWMR13,9
SMBDL,dBWMR14,9
SMBDL,dBWMR15,9
SMBDL,dBWMR16,3
SIBVL,SMBDR,1
SIBVL,ALNR,1
SIBVL,SIAVR,5
SIBVL,PVPL,1
SIBVL,vBWML2,1
SIBVL,vBWMR5,10
SIBVL,vBWMR6,3
SIBVL,vBWMR7,10
SIBVL,vBWMR8,13
SIBVL,vBWMR9,10
SIBVL,vBWMR10,10
SIBVL,vBWMR11,10
SIBVL,vBWMR12,10
SIBVL,vBWMR13,10
SIBVL,vBWMR14,10
SIBVL,vBWMR15,10
SIBVL,vBWMR16,4
SIADL,AVFR,1
SIADL,SDQR,4
SIADL,RMDL,4
SIADL,ALNR,4
SIADL,SMBDL,18
SIADL,SMDDL,17
SIADL,SIBDL,4
SIADL,dBWMR5,8
SIADL,dBWMR6,3
SIADL,dBWMR7,8
SIADL,dBWMR8,12
SIADL,dBWMR9,8
SIADL,dBWMR10,8
SIADL,dBWMR11,8
SIADL,dBWMR12,8
SIADL,dBWMR13,8
SIADL,dBWMR14,8
SIADL,dBWMR15,8
SIADL,dBWMR16,3
PLNL,SMBVL,10
PLNL,SIAVL,10
PLNL,SAADL,5
SMDVR,RIAR,16
SMDVR,AIBR,1
SMDVR,RIAL,24
SMDVR,CEPVL,1
SMDVR,AVER,1
SMDVR,SMDVL,1
SMDVR,PLNL,6
SMDVR,SIAVL,30
SMDVR,AVAR,1
SMDVR,RMDDL,3
SMDVR,SMDDL,14
SMDVR,VB01,1
SMDVR,RIML,1
SMDVR,RMED,9
SMDVR,RIVR,1
SMDVR,SIBVR,30
SMDVR,vBWML2,9
SMDVR,vBWML3,9
SMDVR,vBWML4,5
SMDVR,vBWML5,19
SMDVR,vBWML6,14
SMDVR,vBWML7,15
SMDVR,vBWML8,19
SMDVR,vBWML9,15
SMDVR,vBWML10,15
SMDVR,vBWML11,15
SMDVR,vBWML12,15
SMDVR,vBWML13,15
SMDVR,vBWML14,15
SMDVR,vBWML15,15
SMDVR,vBWML16,7
SMBVL,AIML,1
SMBVL,AVHR,1
SMBVL,SMBDL,2
SMBVL,PLNL,5
SMBVL,SIAVL,1
SMBVL,PVPL,1
SMBVL,AVJR,1
SMBVL,AVFL,1
SMBVL,RMDVR,1
SMBVL,SAADL,16
SMBVL,RMEV,20
SMBVL,AVBR,1
SMBVL,vBWML1,3
SMBVL,vBWML2,8
SMBVL,vBWML3,5
SMBVL,vBWML4,6
SMBVL,vBWML5,5
SMBVL,vBWML6,17
SMBVL,vBWML7,9
SMBVL,vBWML8,2
SMBVL,vBWML9,2
SMBVL,vBWML10,2
SMBVL,vBWML11,2
SMBVL,vBWML12,2
SMBVL,vBWML13,2
SMBVL,vBWML14,2
SMBVL,vBWML15,2
SMBVL,vBWML16,1
SMBVL,exc_gl,3
SMBVL,hyp,2
SIAVL,IL2L,1
SIAVL,PLNL,10
SIAVL,SMDVR,10
SIAVL,SMBVL,2
SIAVL,ADEL,1
SIAVL,SIBVR,2
SIAVL,vBWML5,4
SIAVL,vBWML6,1
SIAVL,vBWML7,4
SIAVL,vBWML8,5
SIAVL,vBWML9,4
SIAVL,vBWML10,4
SIAVL,vBWML11,4
SIAVL,vBWML12,4
SIAVL,vBWML13,4
SIAVL,vBWML14,4
SIAVL,vBWML15,4
SIAVL,vBWML16,1
SAADR,AIBR,1
SAADR,RMGL,1
SAADR,AIBL,1
SAADR,SMBVR,1
SAADR,RMFL,5
SAADR,SMDVL,5
SAADR,SMBDR,2
SAADR,PLNR,1
SAADR,OLLL,3
SAADR,AVAR,26
SAADR,RMFR,1
SAADR,RIMR,23
SAADR,AVAL,1
SAADR,RIML,14
SAADR,SABD,2
SAADR,dBWML3,7
SAADR,dBWML4,3
SAADR,dBWML6,2
SAADR,hyp,2
PLNR,SMBVR,10
PLNR,SMDVL,2
PLNR,SAADR,8
PLNR,SIAVR,10
PLNR,RMDVL,1
PLNR,SAAVL,1
SIAVR,RMDL,1
SIAVR,SIBVL,2
SIAVR,PLNR,10
SIAVR,vBWMR5,4
SIAVR,vBWMR6,1
SIAVR,vBWMR7,4
SIAVR,vBWMR8,5
SIAVR,vBWMR9,4
SIAVR,vBWMR10,4
SIAVR,vBWMR11,4
SIAVR,vBWMR12,4
SIAVR,vBWMR13,4
SIAVR,vBWMR14,4
SIAVR,vBWMR15,4
SIAVR,vBWMR16,1
SDQL,RIPR,1
SDQL,AIBR,2
SDQL,PVCL,1
SDQL,RMFL,3
SDQL,DVA,1
SDQL,SMBDR,11
SDQL,SIBVL,1
SDQL,SAADR,2
SDQL,ALML,1
SDQL,AVBL,1
SDQL,SIADR,2
SDQL,PVR,1
SDQL,AVEL,1
SDQL,FLPL,2
SDQL,AVAR,8
SDQL,RIS,8
SDQL,RICR,3
SDQL,AVDL,3
SDQL,AVAL,6
SDQL,AVBR,2
ALML,AIML,1
ALML,CEPDL,2
ALML,RMGL,3
ALML,PVCL,11
ALML,RICL,2
ALML,CEPVL,3
ALML,SMBDR,2
ALML,SDQL,2
ALML,ALML,1
ALML,PVCR,4
ALML,AVDR,3
ALML,RIFL,2
ALML,BDUL,15
ALML,AVEL,3
ALML,RICR,3
ALML,RMDDR,1
ALML,hyp,1
BDUR,ADER,4
BDUR,CEPVR,1
BDUR,HSNR,8
BDUR,AVHL,2
BDUR,AVJL,5
BDUR,PVCL,3
BDUR,PVNR,5
BDUR,SDQL,2
BDUR,PVNL,11
BDUR,ALMR,4
BDUR,URADR,3
BDUR,AVAL,7
BDUR,AVBR,1
BDUR,dBWMR6,1
BDUR,exc_gl,2
AVBL,PVPR,3
AVBL,DVA,2
AVBL,PVNR,3
AVBL,AVER,1
AVBL,SDQL,1
AVBL,PVCR,2
AVBL,AVDR,3
AVBL,AVJR,1
AVBL,AVEL,1
AVBL,AS05,2
AVBL,AVAR,14
AVBL,AVL,1
AVBL,VC03,3
AVBL,AVAL,9
AVBL,VA11,1
AVBL,AVBR,6
AVBL,VB02,3
AVBL,VA02,3
AVBL,AS04,1
AVBL,DA05,1
AVBL,DA07,1
AVBL,VA10,1
AVBL,AS10,2
AVBL,hyp,1
SIADR,SMDDR,17
SIADR,CEPDL,1
SIADR,SMBDR,17
SIADR,SDQL,4
SIADR,ALML,1
SIADR,IL1VR,1
SIADR,AVAL,1
SIADR,SIBDR,4
SIADR,dBWML5,8
SIADR,dBWML6,3
SIADR,dBWML7,8
SIADR,dBWML8,12
SIADR,dBWML9,8
SIADR,dBWML10,8
SIADR,dBWML11,8
SIADR,dBWML12,8
SIADR,dBWML13,8
SIADR,dBWML14,8
SIADR,dBWML15,8
SIADR,dBWML16,3
PVR,RIPL,16
PVR,RIPR,19
PVR,CEPVR,2
PVR,ADAR,1
PVR,AVJL,11
PVR,PVCL,4
PVR,SDQR,5
PVR,DVA,2
PVR,AVBL,17
PVR,PVR,1
PVR,AVJR,5
PVR,ALMR,2
PVR,PVM,1
PVR,AVKL,1
PVR,PDER,1
PVR,DA09,2
PVR,IL1DR,5
PVR,IL1VR,9
PVR,IL1VL,9
PVR,URADL,3
PVR,AVBR,17
PVR,SABD,2
PVR,DB02,2
PVR,DA05,1
PVR,DB03,3
PVR,DB04,1
PVR,DB07,2
PVR,VB03,2
PVR,VB07,1
PVR,vBWMR11,1
PVR,hyp,1
PVPL,AVHR,3
PVPL,RIR,1
PVPL,RIGL,3
PVPL,PVCL,3
PVPL,ADAL,1
PVPL,AQR,8
PVPL,AVBL,13
PVPL,PVCR,9
PVPL,AVDR,3
PVPL,PVDL,1
PVPL,AVAR,3
PVPL,AVAL,4
PVPL,AVBR,12
PVPL,vBWML10,2
PVPL,hyp,1
PVCR,AVHL,1
PVCR,PVPR,1
PVCR,PVCL,5
PVCR,AQR,2
PVCR,DVA,3
PVCR,AVER,6
PVCR,AVBL,21
PVCR,PVR,1
PVCR,LUAR,1
PVCR,AVDR,6
PVCR,AVEL,6
PVCR,PDEL,1
PVCR,FLPL,2
PVCR,RID,19
PVCR,PVDR,1
PVCR,VB06,4
PVCR,PVDL,2
PVCR,AVAR,5
PVCR,AVL,1
PVCR,AVDL,16
PVCR,AVAL,10
PVCR,PVWR,1
PVCR,VB04,1
PVCR,AVBR,14
PVCR,SIBVR,10
PVCR,VB11,3
PVCR,DA02,1
PVCR,DB02,4
PVCR,DA04,1
PVCR,DA05,2
PVCR,DB03,6
PVCR,DB04,6
PVCR,DA07,1
PVCR,DB05,3
PVCR,DB07,1
PVCR,VB03,1
PVCR,VB07,1
PVCR,VB08,2
LUAR,PVR,2
LUAR,PVCR,9
LUAR,PQR,7
LUAR,PVNL,1
LUAR,AVDR,14
LUAR,AVJR,4
LUAR,AVAR,31
LUAR,AVDL,5
LUAR,AVAL,13
LUAR,PVWR,2
LUAR,PVWL,3
LUAR,PDB,2
LUAR,hyp,1
PQR,AVHL,1
PQR,PVPR,1
PQR,PVCL,1
PQR,PVCR,1
PQR,LUAR,3
PQR,PVNL,2
PQR,AVDR,20
PQR,AVJR,1
PQR,AVAR,26
PQR,AVG,1
PQR,PHBL,2
PQR,AVDL,15
PQR,AVAL,23
PQR,DA08,1
PQR,DB07,2
PQR,AS11,2
PVNL,PVPR,1
PVNL,AVJL,6
PVNL,PVCL,5
PVNL,PVNR,9
PVNL,BDUR,2
PVNL,PQR,5
PVNL,AVDR,6
PVNL,BDUL,5
PVNL,AVJR,8
PVNL,PVDL,3
PVNL,AVG,2
PVNL,LUAL,3
PVNL,VA12,1
PVNL,PVT,6
PVNL,AVL,1
PVNL,AVDL,7
PVNL,AVAL,6
PVNL,PVWR,1
PVNL,AVBR,2
PVNL,PVWL,4
PVNL,DD01,5
PVNL,VD12,1
PVNL,vBWML11,5
PVNL,vBWML20,1
PVNL,vBWMR11,5
PVNL,vBWMR20,1
PVNL,hyp,3
AVDR,ALA,1
AVDR,AVER,2
AVDR,AVBL,1
AVDR,PVCR,2
AVDR,PQR,3
AVDR,AVJR,1
AVDR,DA01,5
AVDR,DB01,1
AVDR,DA09,1
AVDR,DVC,4
AVDR,AVAR,52
AVDR,LUAL,3
AVDR,AVDL,3
AVDR,AVAL,41
AVDR,VA11,1
AVDR,SABVL,5
AVDR,SABD,1
AVDR,VA02,1
AVDR,SABVR,1
AVDR,DA02,5
AVDR,DA03,3
AVDR,DA04,2
AVDR,DA05,3
AVDR,DA06,1
AVDR,DB04,1
AVDR,DA08,1
AVDR,AS11,3
AVDR,AS10,2
AVDR,VA03,2
AVDR,VA05,3
AVDR,hyp,2
ADEL,ADER,5
ADEL,AVHL,2
ADEL,RIGL,18
ADEL,RIH,3
ADEL,CEPDL,1
ADEL,RIGR,15
ADEL,RMGL,7
ADEL,ADAL,1
ADEL,RIAL,2
ADEL,IL2L,5
ADEL,CEPVL,1
ADEL,URBL,2
ADEL,RMDL,11
ADEL,RMHL,1
ADEL,SMBDR,1
ADEL,SMBVL,2
ADEL,SAADR,1
ADEL,ALML,1
ADEL,SIADR,2
ADEL,ADEL,2
ADEL,RIFL,1
ADEL,BDUL,1
ADEL,AVEL,3
ADEL,FLPL,4
ADEL,OLLL,6
ADEL,IL1L,3
ADEL,AVAR,9
ADEL,RMHR,2
ADEL,RMER,1
ADEL,AVL,1
ADEL,VB01,2
ADEL,AVDL,2
ADEL,AVAL,7
ADEL,RIVR,2
ADEL,RIVL,2
ADEL,SIBDR,2
ADEL,dBWML3,1
ADEL,dBWML5,1
ADEL,vBWML1,4
ADEL,hyp,2
RIFL,AVHR,1
RIFL,ALML,5
RIFL,AVBL,26
RIFL,PVPL,8
RIFL,AVJR,8
RIFL,RIML,7
RIFL,AVBR,1
RIFL,dBWML5,2
BDUL,HSNL,3
BDUL,AVHL,2
BDUL,RMGL,3
BDUL,ADAL,2
BDUL,PVNR,4
BDUL,ALML,1
BDUL,PVNL,2
BDUL,ADEL,6
BDUL,RIFL,2
BDUL,AVJR,2
BDUL,SAADL,3
BDUL,URADL,3
BDUL,dBWML5,3
BDUL,CEPshVL,2
BDUL,hyp,2
AVJR,PVQR,1
AVJR,AVFR,1
AVJR,AVJL,1
AVJR,PVCL,5
AVJR,AVER,3
AVJR,ALML,3
AVJR,AVBL,10
AVJR,PVCR,7
AVJR,AVDR,7
AVJR,AVM,1
AVJR,FLPR,2
AVJR,RID,2
AVJR,AVAR,5
AVJR,AVDL,1
AVJR,AVAL,4
AVJR,SABVL,3
AVJR,AVBR,2
AVEL,RMGL,2
AVEL,PVCL,1
AVEL,ALML,1
AVEL,PVCR,2
AVEL,DA01,11
AVEL,AVAR,3
AVEL,PVT,1
AVEL,AVDL,5
AVEL,AVAL,17
AVEL,SABVL,16
AVEL,SABD,18
AVEL,VA04,1
AVEL,VD02,1
AVEL,SABVR,12
AVEL,AS01,3
AVEL,DA02,5
AVEL,VA01,12
AVEL,DA03,6
AVEL,AS03,2
AVEL,DA04,1
AVEL,DB03,1
AVEL,DB04,1
AVEL,VA03,1
AVEL,VD03,1
ALMR,CEPVR,3
ALMR,URBR,1
ALMR,CEPDR,1
ALMR,SIADL,1
ALMR,BDUR,14
ALMR,PVCR,10
ALMR,RMDDL,1
ALMR,SMDDL,1
PVM,PVCL,1
PVM,DVA,3
PVM,PVR,3
PVM,PVCR,2
PVM,PVM,6
PVM,AVM,2
PVM,AVKL,15
PVM,PDEL,10
PVM,PDER,7
PVM,vBWMR10,2
PVM,hyp,7
AVM,ADER,4
AVM,AVHL,3
AVM,PVCL,10
AVM,PVNR,3
AVM,SIBVL,4
AVM,BDUR,5
AVM,AVBL,13
AVM,PVR,6
AVM,PVCR,17
AVM,PVNL,4
AVM,AVDR,1
AVM,BDUL,3
AVM,AVJR,1
AVM,AVKL,1
AVM,RID,2
AVM,DA01,2
AVM,AVDL,1
AVM,AVBR,9
AVM,VA02,1
AVM,VB03,1
AVM,hyp,1
AVKL,RMFL,2
AVKL,DVA,1
AVKL,AVER,2
AVKL,RMDL,1
AVKL,SAADR,3
AVKL,SIAVR,2
AVKL,AVBL,2
AVKL,AVEL,4
AVKL,AVM,2
AVKL,PDEL,2
AVKL,PDER,1
AVKL,SAADL,1
AVKL,RIMR,2
AVKL,VB01,3
AVKL,RIML,3
AVKL,RIVL,5
AVKL,SIBDR,2
AVKL,vBWMR6,2
AVKL,vBWML11,3
AVKL,vBWMR11,3
AVKL,hyp,8
PDEL,DVA,7
PDEL,PVR,2
PDEL,PVM,3
PDEL,AVKL,5
PDEL,PDER,4
PDEL,hyp,2
PDER,PVCL,1
PDER,DVA,1
PDER,PVCR,1
PDER,PVM,1
PDER,AVKL,16
PDER,VB02,1
PDER,hyp,1
AVKR,PVQL,1
AVKR,SMDDR,3
AVKR,RIGL,1
AVKR,RMGL,2
AVKR,RMFL,2
AVKR,RMDL,1
AVKR,SMBDL,3
AVKR,SIADL,3
AVKR,SMDVR,1
AVKR,PVPL,1
AVKR,BDUL,3
AVKR,PVM,2
AVKR,AVKL,3
AVKR,RMHR,1
AVKR,SAADL,2
AVKR,RMDR,2
AVKR,RIMR,3
AVKR,RIML,5
AVKR,vBWML9,2
AVKR,vBWML11,1
AVKR,vBWMR9,1
AVKR,vBWMR22,3
AVKR,hyp,2
FLPL,ADER,3
FLPL,AIBR,3
FLPL,AIBL,3
FLPL,DVA,1
FLPL,AVBL,22
FLPL,PVCR,6
FLPL,AVDR,34
FLPL,ADEL,22
FLPL,FLPR,2
FLPL,AVAR,48
FLPL,RIS,1
FLPL,AVDL,30
FLPL,AVAL,33
FLPL,AVBR,22
FLPL,DD01,6
FLPL,VA01,5
FLPL,hyp,4
FLPR,ADER,6
FLPR,ADAR,1
FLPR,AVJL,2
FLPR,PVCL,2
FLPR,ADAL,1
FLPR,DVA,6
FLPR,AVER,7
FLPR,AVBL,30
FLPR,AVDR,8
FLPR,AVJR,2
FLPR,AVEL,21
FLPR,FLPL,14
FLPR,AVAR,10
FLPR,VB01,1
FLPR,AVDL,25
FLPR,AVAL,23
FLPR,AVBR,11
FLPR,hyp,3
RID,FLPL,1
RID,DB01,1
RID,RMED,5
RID,VD13,2
RID,VD05,1
RID,DA02,1
RID,DD01,3
RID,DD02,2
RID,DA06,2
RID,DD03,2
RID,AS11,1
RID,dBWML13,1
RID,dBWML14,1
RID,dBWMR10,1
RID,hyp,2
DA01,FLPR,2
DA01,DB01,1
DA01,VD02,4
DA01,AS01,13
DA01,DD01,12
DA01,VD01,13
DA01,dBWML6,9
DA01,dBWML7,8
DA01,dBWMR6,8
DA01,dBWMR7,9
DA01,dBWML8,3
DB01,FLPR,1
DB01,RID,1
DB01,DA01,16
DB01,VD02,24
DB01,AS02,4
DB01,AS01,28
DB01,DA02,2
DB01,DD01,31
DB01,VD01,18
DB01,VD03,2
DB01,dBWML6,3
DB01,dBWML8,3
DB01,dBWML9,6
DB01,dBWMR8,6
DB01,dBWMR9,2
DB01,hyp,1
PLML,DVA,9
PLML,AVDR,5
PLML,PDEL,16
PLML,PDER,19
PLML,AVAR,5
PLML,AVAL,4
PLML,VA09,6
PLML,hyp,10
PLMR,DVA,19
PLMR,AVDR,5
PLMR,PDEL,18
PLMR,PDER,10
PLMR,AVAR,5
PLMR,AVDL,8
PLMR,AVAL,3
PVDR,PVCL,29
PVDR,DVA,5
PVDR,PVR,4
PVDR,PVCR,29
PVDR,VB06,4
PVDR,PVDL,2
PVDR,AVAR,30
PVDR,VA12,3
PVDR,AVDL,1
PVDR,AVAL,9
PVDR,VA09,2
PVDR,VB05,2
PVDR,hyp,6
PHAL,PVQL,3
PHAL,AVHR,1
PHAL,AVHL,4
PHAL,DVA,2
PHAL,AVDR,2
PHAL,PHAR,13
PHAL,AVFL,4
PHAL,AVG,11
PHAL,PHBL,7
PHAL,PHBR,10
PHAL,DA08,3
PHAR,PVQL,4
PHAR,PVQR,1
PHAR,AVHR,1
PHAR,DVA,6
PHAR,PVPL,3
PHAR,AVDR,2
PHAR,PHAL,11
PHAR,AVG,9
PHAR,PHBL,3
PHAR,PHBR,8
PHAR,PVT,2
PHAR,DA08,2
PHCL,PVQR,2
PHCL,AVHR,1
PHCL,PVCL,7
PHCL,DVA,12
PHCL,PHAR,1
PHCL,PHCR,2
PHCL,DA09,1
PHCL,LUAL,2
PHCL,VA12,6
PHCL,AVAL,5
PHCR,PVQR,4
PHCR,AVHR,2
PHCR,DVA,22
PHCR,PVCR,25
PHCR,LUAR,6
PHCR,PHAR,2
PHCR,PHCL,4
PHCR,DA09,23
PHCR,VA12,8
DA09,DVA,1
DA09,VA12,1
DA09,VA11,1
DA09,VD11,11
DA09,VD13,4
DA09,DA08,1
DA09,DB07,2
DA09,AS11,1
DA09,DD06,4
DA09,VD12,11
DA09,VD09,5
DA09,VD10,5
DA09,dBWML19,3
DA09,dBWML20,3
DA09,dBWML21,3
DA09,dBWML22,6
DA09,dBWML23,3
DA09,dBWML24,4
DA09,dBWMR19,3
DA09,dBWMR20,3
DA09,dBWMR21,3
DA09,dBWMR22,3
DA09,dBWMR23,3
DA09,dBWMR24,4
DA09,hyp,2
VB06,DVA,1
VB06,PVNR,1
VB06,VD06,1
VB06,VA07,3
VB06,VA08,2
VB06,DD04,32
VB06,VB07,1
VB06,VD07,22
VB06,vBWML15,4
VB06,vBWML16,3
VB06,vBWML17,1
VB06,vBWMR14,6
VB06,vBWMR15,12
VB06,vBWMR16,4
VB06,vBWMR17,1
VB06,vm1AR,1
PVDL,PVCL,13
PVDL,PVPL,1
PVDL,PVCR,36
PVDL,AVDR,1
PVDL,PVDR,10
PVDL,AVAR,29
PVDL,AVFL,1
PVDL,AVG,8
PVDL,AVDL,1
PVDL,AVAL,13
PVDL,DD05,3
PVDL,VD10,3
PVDL,hyp,7
AS05,PVDL,1
AS05,AS05,3
AS05,VD05,12
AS05,DA04,1
AS05,DD03,1
AS05,dBWML11,2
AS05,dBWML12,8
AS05,dBWMR12,2
DVC,RIGL,16
DVC,RIGR,13
DVC,AIBR,3
DVC,AIBL,3
DVC,RIBR,6
DVC,RMFL,14
DVC,RIBL,2
DVC,AVBL,1
DVC,AVKL,2
DVC,PVDR,1
DVC,AVAR,16
DVC,URAVL,1
DVC,PVT,1
DVC,RMFR,9
DVC,AVAL,14
DVC,RIVR,2
DVC,VD09,2
DVC,vBWMR20,2
DVC,CEPshVR,2
OLLL,SMDDR,9
OLLL,CEPDL,5
OLLL,RIBL,24
OLLL,CEPVL,14
OLLL,URYVL,1
OLLL,AVER,53
OLLL,RMDL,6
OLLL,SMDVR,10
OLLL,ADEL,5
OLLL,OLLL,4
OLLL,RMDVL,3
OLLL,RMDDL,22
OLLL,URYDL,2
OLLL,SMDDL,8
OLLL,IL1VL,3
OLLL,RMEL,5
IL1L,RMGL,1
IL1L,IL2L,1
IL1L,URBL,1
IL1L,AVER,5
IL1L,ADEL,3
IL1L,OLLL,1
IL1L,RMDVL,22
IL1L,RMDVR,5
IL1L,URAVL,4
IL1L,RMDDL,20
IL1L,RMDR,9
IL1L,RMER,4
IL1L,dBWML3,16
IL1L,dBWML4,15
IL1L,dBWML5,7
IL1L,vBWML1,20
IL1L,vBWML2,6
IL1L,vBWML4,4
OLLR,ADER,2
OLLR,SMDDR,1
OLLR,CEPVR,16
OLLR,RIBR,21
OLLR,IL2R,1
OLLR,CEPDR,4
OLLR,RMDL,9
OLLR,SMDVL,11
OLLR,SMDVR,4
OLLR,AVEL,39
OLLR,OLLR,4
OLLR,IL1DR,1
OLLR,IL1VR,2
OLLR,RIS,2
OLLR,RMDVR,6
OLLR,SMDDL,3
OLLR,RMDR,2
OLLR,OLQDR,1
OLLR,RMER,3
OLLR,RMED,1
OLLR,RMDDR,26
AVAR,SAAVR,6
AVAR,RIGL,1
AVAR,PVCL,20
AVAR,AVER,3
AVAR,SMDVR,1
AVAR,AVBL,3
AVAR,PVCR,20
AVAR,LUAR,16
AVAR,AVDR,6
AVAR,AVEL,2
AVAR,PDEL,3
AVAR,PDER,3
AVAR,DA01,2
AVAR,DA09,3
AVAR,AS05,1
AVAR,LUAL,4
AVAR,AVDL,3
AVAR,AVAL,7
AVAR,VA11,13
AVAR,AVBR,4
AVAR,VA04,6
AVAR,AS02,3
AVAR,VA02,5
AVAR,VA06,9
AVAR,SABVR,2
AVAR,AS01,2
AVAR,DA02,9
AVAR,DB02,2
AVAR,DA03,8
AVAR,AS04,2
AVAR,DA04,9
AVAR,DA05,9
AVAR,DB03,2
AVAR,DA06,4
AVAR,AS06,2
AVAR,DA07,6
AVAR,DB05,2
AVAR,DA08,20
AVAR,AS11,10
AVAR,VA07,7
AVAR,VA08,7
AVAR,VA09,7
AVAR,VA10,4
AVAR,AS07,6
AVAR,AS08,10
AVAR,AS09,10
AVAR,VA03,6
AVAR,VA05,2
AVAR,hyp,1
AVFL,AIML,1
AVFL,PVQL,1
AVFL,PVQR,1
AVFL,HSNL,2
AVFL,AVHR,1
AVFL,HSNR,3
AVFL,RIFR,1
AVFL,AVHL,4
AVFL,AVFR,12
AVFL,AVJL,2
AVFL,SMBVL,1
AVFL,AVBL,4
AVFL,PVNL,1
AVFL,RIFL,1
AVFL,PDER,1
AVFL,AVG,5
AVFL,DVB,1
AVFL,AVL,5
AVFL,VB01,2
AVFL,VC01,1
AVFL,AVBR,1
AVFL,VB02,2
AVFL,AS10,1
AVFL,vBWML10,1
AVFL,vBWML11,1
AVFL,vBWML13,1
AVFL,vBWMR13,1
AVFL,hyp,1
AVFL,int,1
AVG,PVQR,2
AVG,AVJL,7
AVG,PVCL,1
AVG,PVNR,4
AVG,AVER,1
AVG,AVBL,5
AVG,PVCR,2
AVG,PVNL,2
AVG,AVDR,3
AVG,AVJR,3
AVG,AVEL,2
AVG,PHAL,3
AVG,DVC,2
AVG,AVAR,3
AVG,AVFL,3
AVG,AVG,2
AVG,PVT,2
AVG,VC01,2
AVG,AVDL,1
AVG,AVAL,3
AVG,AVBR,3
AVG,VA06,1
AVG,DA08,1
AVG,vBWML10,1
AVG,vBWML11,2
AVG,vBWML16,2
AVG,vBWMR16,2
AVG,hyp,2
PHBL,PVCL,71
PHBL,PVNL,1
PHBL,AVDR,1
PHBL,AVAR,33
PHBL,AVG,1
PHBL,PHBR,4
PHBL,VA12,5
PHBL,AVDL,6
PHBL,AVAL,48
PHBL,DA08,1
PHBL,AS11,1
PHBL,hyp,2
PHBR,PVCL,39
PHBR,PVCR,21
PHBR,AVDR,5
PHBR,PHCL,1
PHBR,PHCR,3
PHBR,AVAR,38
PHBR,PHBL,3
PHBR,VA12,1
PHBR,AVDL,7
PHBR,AVAL,35
LUAL,AVJL,4
LUAL,PVNL,1
LUAL,AVDR,6
LUAL,AVJR,1
LUAL,AVAR,23
LUAL,PHBL,2
LUAL,AVDL,27
LUAL,AVAL,27
LUAL,PVWL,1
DVB,PVPL,10
DVB,PHCL,2
DVB,DVC,5
DVB,AVL,21
DVB,PDA,2
DVB,VD13,1
DVB,DA08,10
DVB,DD06,10
DVB,hyp,12
DVB,int,13
DVB,mu_intL,3
DVB,mu_intR,1
VA12,PVCL,3
VA12,PVCR,4
VA12,PHCR,1
VA12,DA09,17
VA12,LUAL,2
VA12,AVAL,3
VA12,VA11,4
VA12,VB11,4
VA12,VD13,12
VA12,DA08,9
VA12,DB07,10
VA12,AS11,6
VA12,DD06,2
VA12,AS08,2
VA12,AS09,8
VA12,AS10,6
VA12,VD12,7
VA12,vBWML21,8
VA12,vBWML22,4
VA12,vBWML23,4
VA12,vBWMR21,9
VA12,vBWMR22,3
VA12,vBWMR23,4
VA12,vBWMR24,4
VA12,hyp,2
IL2DL,RIPL,28
IL2DL,AUAL,2
IL2DL,RIH,2
IL2DL,RIBL,1
IL2DL,RMHL,1
IL2DL,IL2DL,2
IL2DL,IL1DL,17
IL2DL,OLQDL,2
IL2DL,RMEL,11
IL2DL,URADL,8
IL2DL,RMER,8
IL2DL,RMEV,1
IL2DL,RMED,2
IL2DL,AVBR,2
IL1DL,RIPL,11
IL1DL,IL2DL,1
IL1DL,RMDVL,3
IL1DL,RMEL,1
IL1DL,URADL,10
IL1DL,RMDDR,3
IL1DL,dBWML1,11
IL1DL,dBWML2,4
IL1DL,dBWML3,5
IL1DL,dBWML6,9
IL1DL,dBWMR7,2
IL1DR,RIPR,28
IL1DR,URYDR,2
IL1DR,IL1R,2
IL1DR,PVR,5
IL1DR,OLLR,1
IL1DR,IL1DR,1
IL1DR,IL2DR,5
IL1DR,RMDVR,32
IL1DR,RMDDL,11
IL1DR,URADR,8
IL1DR,dBWMR1,14
IL1DR,dBWMR2,6
IL1DR,dBWMR3,12
IL2DR,RIPL,1
IL2DR,RIPR,43
IL2DR,RICL,1
IL2DR,CEPDR,2
IL2DR,IL1DR,28
IL2DR,RICR,2
IL2DR,URADR,5
IL2DR,RMEL,12
IL2DR,OLQDR,2
IL2DR,RMER,11
IL2DR,RMEV,5
IL2DR,RMED,3
OLQVL,RICL,4
OLQVL,IL2L,1
OLQVL,RMHL,2
OLQVL,SIAVL,9
OLQVL,AVDR,1
OLQVL,RMDVR,14
OLQVL,AVAL,1
OLQVL,SIBDL,13
IL1VR,RIPR,16
IL1VR,IL2VR,2
IL1VR,IL1R,4
IL1VR,OLLR,1
IL1VR,URAVR,4
IL1VR,RMDVL,5
IL1VR,OLQVR,5
IL1VR,RMDDR,40
IL1VR,vBWMR2,16
IL1VR,vBWMR4,24
URAVR,RIPR,13
URAVR,RIH,1
URAVR,ADAR,1
URAVR,IL2VR,3
URAVR,IL1R,2
URAVR,IL1VR,9
URAVR,RMDVL,1
URAVR,URYVR,1
URAVR,RMEL,1
URAVR,RMER,4
URAVR,PVT,3
URAVR,RMEV,2
URAVR,RMDDR,1
URAVR,vBWMR2,14
URAVR,vBWMR3,7
URAVR,vBWMR4,18
URAVR,vBWMR6,1
RMDVL,CEPDL,2
RMDVL,IL2VR,1
RMDVL,IL1R,2
RMDVL,AVER,2
RMDVL,SIAVR,2
RMDVL,RMDVR,1
RMDVL,URYVR,1
RMDVL,RMDR,2
RMDVL,OLQVR,3
RMDVL,RMDDR,41
RMDVL,SIBDR,1
RMDVL,vBWMR2,20
RMDVL,vBWMR3,11
RMDVL,vBWMR4,31
RMDVL,vBWMR6,18
RMDVL,vBWMR7,3
OLQDL,RIH,3
OLQDL,CEPDL,3
OLQDL,RMHL,1
OLQDL,SIBVL,10
OLQDL,RICR,6
OLQDL,RMDDL,1
OLQDL,URYDL,3
OLQDL,RMEL,2
OLQDL,RMED,1
OLQDL,RMDDR,10
OLQDL,dBWML6,1
RIS,SMDDR,6
RIS,CEPVR,4
RIS,CEPDL,4
RIS,URYDR,1
RIS,RIBR,18
RIS,RIBL,8
RIS,CEPVL,7
RIS,CEPDR,1
RIS,AVER,18
RIS,RMDL,10
RIS,SMDVL,1
RIS,SMDVR,1
RIS,AVEL,17
RIS,AVKL,6
RIS,AVKR,13
RIS,OLLR,5
RIS,RIS,3
RIS,RMDDL,1
RIS,URYVR,5
RIS,SMDDL,1
RIS,RMDR,16
RIS,RMEV,3
RIS,AVL,9
RIS,RIMR,15
RIS,RIML,10
RIS,RMDDR,1
RICR,SMDDR,9
RICR,AIZL,6
RICR,CEPDL,1
RICR,AIBR,2
RICR,RMGL,1
RICR,AIBL,2
RICR,ADAR,2
RICR,URBR,2
RICR,RICL,3
RICR,RMFL,1
RICR,CEPDR,1
RICR,SMDVL,6
RICR,SMBDR,3
RICR,SMDVR,3
RICR,AVKR,1
RICR,AVAR,13
RICR,SMDDL,9
RICR,RIMR,1
RICR,VB01,7
RICR,AVAL,15
RICR,RIML,10
RICR,RIVL,1
RMDVR,RIAR,1
RMDVR,CEPDR,2
RMDVR,SMBDR,1
RMDVR,SIAVL,2
RMDVR,IL1L,1
RMDVR,AVAR,1
RMDVR,IL1DR,1
RMDVR,OLQVL,2
RMDVR,RMDVR,2
RMDVR,URAVL,8
RMDVR,RMDDL,43
RMDVR,SIBVR,1
RMDVR,dBWML3,5
RMDVR,vBWML1,21
RMDVR,vBWML2,15
RMDVR,vBWML3,8
RMDVR,vBWML4,19
RMDVR,vBWML5,8
RMDVR,vBWML6,5
RMDVR,vBWML7,2
RMDVR,vBWMR3,2
RMDVR,vBWMR6,2
RMDVR,vBWMR7,2
RMDVR,GLRVL,1
URAVL,RIPL,15
URAVL,RIBL,1
URAVL,CEPVL,1
URAVL,AVER,1
URAVL,DVC,1
URAVL,IL1L,3
URAVL,RMDVR,1
URAVL,RMDDL,7
URAVL,IL1VL,6
URAVL,RMEL,8
URAVL,RMER,3
URAVL,RMEV,10
URAVL,vBWML1,20
URAVL,vBWML2,17
URAVL,vBWML3,5
RMDDL,RIAL,1
RMDDL,CEPVL,2
RMDDL,IL1R,9
RMDDL,AVER,1
RMDDL,RMHL,1
RMDDL,IL1DR,2
RMDDL,RMDVL,1
RMDDL,RMDVR,22
RMDDL,RMEV,2
RMDDL,dBWMR1,8
RMDDL,dBWMR2,4
RMDDL,dBWMR3,8
RMDDL,dBWMR4,12
RMDDL,dBWMR5,13
RMDDL,dBWMR6,2
RMDDL,vBWML1,1
RMHR,AIBR,3
RMHR,RMGL,8
RMHR,CEPVL,1
RMHR,RMDL,4
RMHR,RMHL,3
RMHR,SMDDL,3
RMHR,RMDR,1
RMHR,RMER,4
RMHR,dBWML3,1
RMHR,dBWML4,7
RMHR,dBWML5,8
RMHR,vBWML1,3
URYVR,CEPVR,1
URYVR,RIAR,2
URYVR,ADAR,1
URYVR,RIBR,19
URYVR,RMDL,2
URYVR,SMDVL,11
URYVR,SMBDR,1
URYVR,SIBVL,5
URYVR,AVBL,5
URYVR,AVEL,26
URYVR,IL1VR,3
URYVR,RMDVL,19
URYVR,AVL,5
URYVR,AVAL,2
URYVR,RMDDR,32
URYVR,SIBDR,4
URYDL,SMDDR,3
URYDL,AIZL,1
URYDL,RIBL,8
URYDL,AVER,9
URYDL,AVEL,1
URYDL,OLLL,3
URYDL,IL1DL,3
URYDL,RMDVL,18
URYDL,OLQDL,2
URYDL,SMDDL,2
URYDL,RMDDR,15
SMDDL,SAAVR,1
SMDDL,SMDDR,1
SMDDL,RIAR,14
SMDDL,RIAL,9
SMDDL,AVER,1
SMDDL,RMDL,3
SMDDL,SMDVL,2
SMDDL,SMBDL,3
SMDDL,SIADL,14
SMDDL,SMDVR,17
SMDDL,AVEL,1
SMDDL,RIS,2
SMDDL,URYDL,1
SMDDL,RMDR,1
SMDDL,RIMR,1
SMDDL,RIML,2
SMDDL,RIVR,1
SMDDL,SIBDL,14
SMDDL,dBWML1,4
SMDDL,dBWML2,3
SMDDL,dBWML6,2
SMDDL,dBWML7,1
SMDDL,dBWMR1,3
SMDDL,dBWMR4,1
SMDDL,dBWMR5,6
SMDDL,dBWMR6,2
SMDDL,dBWMR7,6
SMDDL,vBWML2,7
SMDDL,vBWML3,7
SMDDL,dBWMR8,8
SMDDL,dBWMR9,6
SMDDL,dBWMR10,6
SMDDL,dBWMR11,6
SMDDL,dBWMR12,6
SMDDL,dBWMR13,6
SMDDL,dBWMR14,6
SMDDL,dBWMR15,6
SMDDL,dBWMR16,2
URADR,RIPR,16
URADR,URYDR,1
URADR,IL1DR,3
URADR,RMER,1
URADR,dBWMR1,15
URADR,dBWMR2,5
URADR,dBWMR3,4
URADR,dBWMR4,4
URADR,dBWMR5,7
URADR,CEPshDR,1
IL1VL,RIPL,13
IL1VL,URYVL,4
IL1VL,RMHL,1
IL1VL,IL1L,3
IL1VL,OLQVL,2
IL1VL,RMDVR,3
IL1VL,URAVL,4
IL1VL,RMDDL,30
IL1VL,IL1VL,5
IL1VL,AVL,1
IL1VL,vBWML1,15
IL1VL,vBWML2,18
SAADL,RIGL,1
SAADL,AIBL,1
SAADL,OLLR,4
SAADL,RMDVR,1
SAADL,RMFR,1
SAADL,RIMR,16
SAADL,AVAL,17
SAADL,RIML,11
SAADL,RIVR,1
SAADL,SABD,2
SAADL,SIBVR,1
SAADL,dBWMR3,7
SAADL,dBWMR4,3
SAADL,dBWMR6,2
SAADL,hyp,2
SAAVL,SMDDR,18
SAAVL,AIBL,1
SAAVL,SMDVL,1
SAAVL,SMBDR,2
SAAVL,OLLR,1
SAAVL,RMFR,11
SAAVL,RIMR,33
SAAVL,AVAL,56
SAAVL,RIML,5
SAAVL,SABD,1
SAAVL,vBWMR3,7
SAAVL,vBWMR4,3
SAAVL,vBWMR6,2
SAAVL,vBWML9,1
SAAVL,hyp,2
RMEL,RIPR,1
RMEL,IL1R,2
RMEL,OLLR,1
RMEL,RMEV,1
RMEL,dBWMR3,22
RMEL,dBWMR5,7
RMEL,vBWMR4,9
RMEL,GLRR,2
RMDR,SMDDR,1
RMDR,RIAR,21
RMDR,RMGL,1
RMDR,RIAL,14
RMDR,RMDL,11
RMDR,SIAVL,1
RMDR,AVKR,1
RMDR,IL1L,2
RMDR,OLLR,2
RMDR,RMDVL,9
RMDR,RIS,1
RMDR,RMDDL,6
RMDR,RIMR,1
RMDR,dBWML5,2
RMDR,vBWML4,2
RMDR,vBWML5,2
OLQDR,RIH,2
OLQDR,RICL,2
OLQDR,IL1DR,1
OLQDR,RICR,2
OLQDR,RMDDL,11
OLQDR,RMHR,3
OLQDR,RMER,1
OLQDR,SIBVR,6
OLQVR,RIPR,18
OLQVR,RIH,18
OLQVR,IL1VR,2
OLQVR,RMDVL,18
OLQVR,RICR,3
OLQVR,RMHR,1
OLQVR,RMER,2
OLQVR,SIBDR,18
URADL,RIPL,12
URADL,RIH,3
URADL,IL1DL,4
URADL,RMEL,8
URADL,dBWML1,2
URADL,dBWML2,7
URADL,dBWML6,11
RMER,IL1L,4
RMER,RMHR,3
RMER,RMER,5
RMER,dBWML3,45
RMER,dBWML4,4
RMER,vBWML1,14
RMER,vBWML4,7
PVT,RIGL,1
PVT,RIH,2
PVT,RIGR,6
PVT,AIBR,10
PVT,AIBL,5
PVT,RMFL,3
PVT,AVKL,7
PVT,AVKR,8
PVT,DVC,3
PVT,RIS,1
PVT,RMFR,7
PVT,RMEV,4
PVT,AVL,3
RMFR,RIH,1
RMFR,RMDL,6
RMFR,AVKL,7
RMFR,AVKR,9
RMFR,DVC,2
RMFR,RMDR,1
RMEV,SMDDR,1
RMEV,RIH,2
RMEV,RIBR,2
RMEV,SMDVL,1
RMEV,RIS,1
RMEV,RMDDL,1
RMEV,RMED,1
RMEV,RMDDR,1
RMEV,dBWML1,1
RMEV,dBWML2,5
RMEV,dBWMR1,9
RMEV,dBWMR2,5
RMEV,dBWMR6,5
RMEV,dBWMR7,4
AVL,HSNR,2
AVL,PVPR,2
AVL,AVEL,3
AVL,AVKR,2
AVL,DVC,2
AVL,DVB,1
AVL,RIS,1
AVL,RIMR,2
AVL,VC02,2
AVL,VC01,2
AVL,VC06,1
AVL,SABVL,9
AVL,SABD,9
AVL,PVWL,1
AVL,SABVR,6
AVL,DD01,4
AVL,DD06,1
AVL,VD12,3
AVL,vBWML10,5
AVL,vBWML11,4
AVL,vBWML12,1
AVL,vBWML15,1
AVL,vBWMR8,4
AVL,vBWMR11,2
AVL,hyp,2
AVL,int,4
RIMR,SAAVR,8
RIMR,SMDDR,14
RIMR,AIBL,15
RIMR,ADAR,9
RIMR,AVJL,4
RIMR,RIBR,4
RIMR,RMFL,1
RIMR,RMDL,15
RIMR,SMDVL,2
RIMR,SMDVR,3
RIMR,AVBL,9
RIMR,AVKL,1
RIMR,RIS,2
RIMR,SMDDL,9
RIMR,SAAVL,11
RIMR,RMDR,12
RIMR,RMFR,7
RIMR,VB01,2
RIMR,AVAL,9
RIMR,RIML,4
RIMR,AVBR,12
RIMR,dBWML5,15
RIMR,vBWML4,5
VC02,PVQR,1
VC02,PVPR,1
VC02,PVCL,1
VC02,DVC,3
VC02,PVT,6
VC02,VC03,4
VC02,VC01,3
VC02,VD06,2
VC02,VD02,3
VC02,VD05,4
VC02,DD01,6
VC02,DD02,4
VC02,DB04,1
VC02,DD03,8
VC02,VD01,2
VC02,VD04,6
VC02,vBWML8,2
VC02,vBWML9,4
VC02,vBWML11,1
VC02,vBWML13,1
VC02,vBWML14,3
VC02,vBWMR8,1
VC02,vBWMR9,2
VC02,vBWMR11,1
VC02,vBWMR12,1
VC02,vBWMR13,3
VC03,PVQR,2
VC03,HSNR,1
VC03,PVPR,2
VC03,AVJL,1
VC03,PVNR,1
VC03,AVBL,1
VC03,PVT,5
VC03,AVL,1
VC03,VC02,2
VC03,VC01,5
VC03,VD06,5
VC03,VB04,1
VC03,SABVL,1
VC03,VB02,1
VC03,VD02,1
VC03,VD05,3
VC03,DD01,1
VC03,DD02,3
VC03,DD03,5
VC03,VD01,2
VC03,VD03,2
VC03,DD04,16
VC03,VD07,8
VC03,VD04,3
VC03,vBWML11,1
VC03,vBWML12,1
VC03,vBWML13,1
VC03,vBWML14,1
VC03,vBWML15,3
VC03,vBWML16,2
VC03,vBWMR11,2
VC03,vBWMR13,1
VC03,vBWMR15,2
VB01,AIBR,2
VB01,ADAL,5
VB01,RMFL,10
VB01,SMBVL,3
VB01,SAADR,5
VB01,SAADL,18
VB01,RIML,10
VB01,SABD,1
VB01,VA04,2
VB01,VB02,1
VB01,VD02,2
VB01,VA02,2
VB01,DD01,1
VB01,VA01,7
VB01,VA03,2
VB01,VD01,4
VB01,vBWML7,2
VB01,vBWMR7,5
VB01,vBWMR9,1
VB01,hyp,1
VC05,HSNL,1
VC05,HSNR,3
VC05,AVFR,1
VC05,PVR,1
VC05,DVC,3
VC05,AVFL,2
VC05,PVT,1
VC05,VC05,6
VC05,VC04,4
VC05,vBWML15,4
VC05,vBWML16,1
VC05,vm2AL,2
VC05,vm2AR,2
VC05,vm2PL,3
VC05,vm2PR,2
VC01,PVPR,1
VC01,DVC,1
VC01,AVFL,1
VC01,PVT,4
VC01,AVL,2
VC01,VC02,4
VC01,VC03,2
VC01,VD06,1
VC01,VD02,1
VC01,VD05,4
VC01,DD01,6
VC01,DD02,8
VC01,DD03,8
VC01,VD01,5
VC01,VD03,2
VC01,VD04,4
VC01,vBWML7,1
VC01,vBWML9,1
VC01,vBWML11,1
VC01,vBWMR12,3
VC01,hyp,1
VC04,AVHR,1
VC04,VC03,1
VC04,VC05,2
VC04,AVBR,1
VC04,vBWML16,1
VC04,vBWMR16,3
VC04,vm2AL,2
VC04,vm2AR,3
VC04,vm2PL,2
VC04,vm2PR,2
AVDL,AVJL,1
AVDL,PVCL,1
AVDL,AVDR,5
AVDL,AVEL,5
AVDL,DA01,4
AVDL,DVC,2
AVDL,AVAR,37
AVDL,LUAL,2
AVDL,VA12,1
AVDL,AVAL,37
AVDL,SABVL,2
AVDL,SABD,5
AVDL,SABVR,5
AVDL,DA02,2
AVDL,VA01,2
AVDL,DA03,9
AVDL,AS04,2
AVDL,DA04,3
AVDL,DA05,1
AVDL,DA08,2
AVDL,AS11,4
AVDL,VA10,2
AVDL,AS10,1
AVDL,VA03,3
AVDL,VA05,1
AVAL,PVCL,21
AVAL,RIAL,3
AVAL,AVER,2
AVAL,AVBL,2
AVAL,PVCR,16
AVAL,LUAR,2
AVAL,PVNL,1
AVAL,AVDR,2
AVAL,AVEL,1
AVAL,DA01,6
AVAL,DA09,3
AVAL,AS05,6
AVAL,AVAR,12
AVAL,LUAL,6
AVAL,VA12,5
AVAL,AVDL,3
AVAL,VA11,6
AVAL,SABVL,2
AVAL,VA04,7
AVAL,AS02,2
AVAL,VA02,8
AVAL,VA06,8
AVAL,DA02,10
AVAL,VA01,2
AVAL,DA03,12
AVAL,AS04,2
AVAL,DA04,12
AVAL,DA05,14
AVAL,DA06,1
AVAL,DA07,4
AVAL,DB05,2
AVAL,DA08,5
AVAL,DB07,2
AVAL,AS11,8
AVAL,VA07,7
AVAL,VA08,7
AVAL,VA09,7
AVAL,VA10,9
AVAL,AS07,6
AVAL,AS08,6
AVAL,AS10,5
AVAL,VA03,6
AVAL,VA05,7
AVAL,hyp,1
PVWR,PVCR,1
PVWR,LUAR,1
PVWR,AVDR,2
PVWR,AVAR,1
PVWR,VA12,1
PVWR,PVT,2
PVWR,AVL,1
PDA,PVNR,1
PDA,DA09,1
PDA,VD11,10
PDA,VD13,3
PDA,DD06,3
PDA,VD12,12
PDA,dBWML21,4
PDA,dBWML22,1
PDA,dBWML23,5
PDA,dBWML24,6
PDA,dBWMR21,4
PDA,dBWMR22,4
PDA,dBWMR23,5
PDA,dBWMR24,6
PDA,hyp,1
VA11,PVNR,1
VA11,VB10,6
VA11,VD11,5
VA11,DD06,19
VA11,AS07,2
VA11,AS08,10
VA11,AS09,1
VA11,VD12,3
VA11,vBWML19,2
VA11,vBWML20,7
VA11,vBWML21,4
VA11,vBWMR20,12
VA11,vBWMR21,3
VA11,vBWMR22,3
VA11,vBWMR23,2
VD06,PVNR,1
VD06,AVAL,1
VD06,VA06,3
VD06,DD03,6
VD06,VB05,1
VD06,vBWML13,1
VD06,vBWML14,10
VD06,vBWML15,3
VD06,vBWML16,1
VD06,vBWMR13,4
VD06,vBWMR14,7
VD06,vBWMR15,1
VC06,PVNR,4
VC06,AVG,2
VC06,AVL,4
VC06,VD11,10
VC06,DD06,6
VC06,VD12,7
VC06,vBWML17,2
VC06,vBWMR17,2
VC06,vBWMR20,1
VB04,AVG,1
VB04,VA04,1
VB04,VD05,3
VB04,DD02,7
VB04,DD03,13
VB04,VA05,1
VB04,VB05,1
VB04,VD04,1
VB04,vBWML12,3
VB04,vBWML13,5
VB04,vBWMR12,3
VB04,vBWMR13,3
VB04,vBWMR14,4
RIML,SAAVR,10
RIML,SMDDR,14
RIML,AIBR,22
RIML,AIBL,1
RIML,RMFL,2
RIML,RIBL,9
RIML,RIAL,3
RIML,AVER,5
RIML,RMDL,9
RIML,SMDVL,11
RIML,SAADR,4
RIML,AVBL,9
RIML,AVKR,1
RIML,AVAR,2
RIML,RICR,1
RIML,SMDDL,11
RIML,SAADL,1
RIML,SAAVL,10
RIML,RMDR,21
RIML,RMFR,2
RIML,RIMR,2
RIML,VB01,8
RIML,AVAL,5
RIML,RIML,11
RIML,AVBR,11
RIML,dBWMR5,6
RIML,vBWMR4,2
RMED,SMDDR,4
RMED,RIBR,1
RMED,RIBL,1
RMED,SMDDL,1
RMED,RMED,1
RMED,vBWML2,15
RMED,vBWML3,10
RMED,vBWMR2,25
RMED,vBWMR3,26
RMED,vBWMR6,2
SABVL,RIGR,1
SABVL,vBWML1,15
SABVL,vBWML3,67
SABVL,vBWML4,63
SABVL,vBWML6,20
SABVL,hyp,71
AVBR,HSNR,1
AVBR,AIBR,1
AVBR,AVJL,2
AVBR,AVER,2
AVBR,AVBL,2
AVBR,AS05,2
AVBR,AVAR,14
AVBR,AVDL,4
AVBR,AVAL,10
AVBR,VA04,2
AVBR,AS01,2
AVBR,DA03,3
AVBR,AS03,3
AVBR,AS04,1
AVBR,DA07,1
AVBR,VA07,1
AVBR,AS10,1
AVBR,VD03,2
AVBR,vBWML16,1
AVBR,vBWMR16,1
AVBR,hyp,9
RIVR,RIAR,2
RIVR,RIAL,6
RIVR,SMDVR,3
RIVR,SMBVL,1
RIVR,SIAVL,5
RIVR,RMDVR,1
RIVR,RMDDL,1
RIVR,RMHR,2
RIVR,SMDDL,6
RIVR,SAADL,12
RIVR,RMDR,4
RIVR,RIVL,8
RIVR,dBWMR7,1
RIVR,vBWML3,2
RIVR,vBWML4,1
RIVR,vBWML7,9
RIVR,vBWMR6,8
RIVR,vBWMR7,14
RIVR,GLRVL,14
RIVR,GLRVR,8
SABD,SAADR,4
SABD,SAADL,4
SABD,dBWML1,15
SABD,dBWML3,67
SABD,dBWML4,63
SABD,dBWML6,20
SABD,dBWMR1,15
SABD,dBWMR3,67
SABD,dBWMR4,63
SABD,dBWMR6,20
SABD,hyp,142
RIVL,SMDDR,8
RIVL,RIAR,2
RIVL,RIAL,5
RIVL,RMDL,4
RIVL,SMDVL,2
RIVL,SAADR,11
RIVL,SIAVR,5
RIVL,RMDVL,5
RIVL,RIVR,1
RIVL,vBWMR5,6
RIVL,vBWMR6,3
RIVL,vBWMR7,18
PVWL,AVJL,1
PVWL,PVCL,1
PVWL,PVCR,1
PVWL,PVT,1
PVWL,PVWR,1
PVWL,VD12,1
VB10,PVT,1
VB10,VA11,3
VB10,VD11,7
VB10,DD06,19
VB10,VD12,6
VB10,vBWML19,1
VB10,vBWML20,18
VB10,vBWML21,4
VB10,vBWML22,1
VB10,vBWMR20,8
VB10,vBWMR21,1
VB10,vBWMR22,4
VD08,PVT,1
VD08,VA08,2
VD08,VA09,1
VD08,DD04,5
VD08,VB07,2
VD08,vBWML15,4
VD08,vBWML16,4
VD08,vBWML17,4
VD08,vBWMR16,4
VD08,vBWMR17,4
VD08,vBWMR18,4
VD11,AVAR,2
VD11,PVT,1
VD11,VA11,2
VD11,VB10,1
VD11,DD06,2
VD11,vBWML19,4
VD11,vBWML20,5
VD11,vBWML21,4
VD11,vBWMR20,4
VD11,vBWMR21,4
VD11,vBWMR22,4
VA04,AVER,1
VA04,AVAR,1
VA04,AVDL,1
VA04,VB04,1
VA04,DD02,17
VA04,VB03,8
VA04,VD04,8
VA04,vBWML12,5
VA04,vBWML13,3
VA04,vBWMR11,8
VA04,vBWMR12,5
VA04,vBWMR13,1
SIBVR,SIAVL,5
SIBVR,AVDR,1
SIBVR,RID,1
SIBVR,dBWMR4,1
SIBVR,vBWML5,10
SIBVR,vBWML6,3
SIBVR,vBWML7,10
SIBVR,vBWML8,13
SIBVR,vBWML9,10
SIBVR,vBWML10,10
SIBVR,vBWML11,10
SIBVR,vBWML12,10
SIBVR,vBWML13,10
SIBVR,vBWML14,10
SIBVR,vBWML15,10
SIBVR,vBWML16,4
VB11,PVCR,1
VB11,VA12,5
VB11,PVWR,1
VB11,PVWL,1
VB11,VD13,22
VB11,DD06,19
VB11,VD12,2
VB11,vBWML21,7
VB11,vBWML22,4
VB11,vBWML23,4
VB11,vBWMR21,30
VB11,vBWMR22,4
VB11,vBWMR23,4
VD13,PVCR,1
VD13,AVAR,2
VD13,VA12,11
VD13,PVWL,1
VD13,VD13,2
VD13,DD06,3
VD13,VD12,1
VD13,dBWMR22,3
VD13,vBWML19,1
VD13,vBWML21,5
VD13,vBWML22,4
VD13,vBWML23,4
VD13,vBWMR21,10
VD13,vBWMR22,4
VD13,vBWMR23,4
VD13,vBWMR24,4
VB02,AVEL,1
VB02,VC02,1
VB02,VD02,14
VB02,VA02,5
VB02,DD01,30
VB02,DD02,1
VB02,VA03,11
VB02,VD03,4
VB02,vBWML8,2
VB02,vBWML9,14
VB02,vBWML10,4
VB02,vBWML11,1
VB02,vBWMR8,6
VB02,vBWMR10,10
VB02,vBWMR11,6
VD02,AVEL,1
VD02,VB02,4
VD02,VA02,12
VD02,AS01,1
VD02,DD01,1
VD02,vBWML7,2
VD02,vBWMR7,3
VD02,vBWML8,8
VD02,vBWML9,12
VD02,vBWMR8,12
VD02,vBWMR9,5
AS02,RID,2
AS02,DB01,1
AS02,VD02,21
AS02,DD01,3
AS02,dBWML7,2
AS02,dBWMR7,3
AS02,dBWML8,5
AS02,dBWML9,6
AS02,dBWMR8,4
AS02,dBWMR9,2
VA02,VB01,1
VA02,AVAL,1
VA02,VB02,1
VA02,VD02,27
VA02,DD01,20
VA02,VA01,2
VA02,VA03,2
VA02,VD01,1
VA02,vBWML7,1
VA02,vBWMR7,5
VA02,vBWML8,10
VA02,vBWML9,3
VA02,vBWMR8,7
VA02,vBWMR9,5
VA06,AVAR,1
VA06,VD06,6
VA06,VB04,1
VA06,AS02,1
VA06,VD05,3
VA06,AS01,13
VA06,DD03,21
VA06,VA05,2
VA06,VB05,7
VA06,vBWML13,2
VA06,vBWML14,10
VA06,vBWML15,1
VA06,vBWMR12,2
VA06,vBWMR13,1
VA06,vBWMR14,5
VA06,vBWMR15,1
VD05,AVAR,1
VD05,VB01,1
VD05,VB04,2
VD05,VA06,1
VD05,DD03,1
VD05,VA05,2
VD05,vBWML12,4
VD05,vBWML13,7
VD05,vBWML14,1
VD05,vBWMR12,3
VD05,vBWMR13,10
RMDDR,RMDVL,26
RMDDR,RMDVR,3
RMDDR,RMDDL,1
RMDDR,dBWML1,2
RMDDR,dBWML2,12
RMDDR,dBWML3,1
RMDDR,dBWML4,17
RMDDR,dBWML6,3
RMDDR,dBWMR1,3
RMDDR,dBWMR2,7
RMDDR,dBWMR6,3
RMDDR,dBWMR7,3
RMDDR,vBWML1,2
SABVR,vBWMR1,15
SABVR,vBWMR3,67
SABVR,vBWMR4,63
SABVR,vBWMR6,20
SABVR,hyp,71
SIBDR,SMDDR,10
SIBDR,SIADR,2
SIBDR,dBWML5,3
SIBDR,dBWML6,1
SIBDR,dBWML7,3
SIBDR,dBWMR4,1
SIBDR,dBWML8,4
SIBDR,dBWML9,3
SIBDR,dBWML10,3
SIBDR,dBWML11,3
SIBDR,dBWML12,3
SIBDR,dBWML13,3
SIBDR,dBWML14,3
SIBDR,dBWML15,3
SIBDR,dBWML16,1
SIBDL,SIADL,2
SIBDL,dBWMR5,3
SIBDL,dBWMR6,1
SIBDL,dBWMR7,3
SIBDL,dBWMR8,4
SIBDL,dBWMR9,3
SIBDL,dBWMR10,3
SIBDL,dBWMR11,3
SIBDL,dBWMR12,3
SIBDL,dBWMR13,3
SIBDL,dBWMR14,3
SIBDL,dBWMR15,3
SIBDL,dBWMR16,1
AS01,DA01,8
AS01,DB01,3
AS01,AS01,3
AS01,DD01,2
AS01,VD01,20
AS01,dBWML6,4
AS01,dBWML7,6
AS01,dBWMR6,10
AS01,dBWMR7,10
DA02,DB01,1
DA02,VD02,17
DA02,AS02,1
DA02,DD01,7
DA02,DA03,1
DA02,VD03,11
DA02,dBWML7,1
DA02,dBWMR7,3
DA02,dBWML8,5
DA02,dBWML9,4
DA02,dBWML10,2
DA02,dBWMR8,6
DA02,dBWMR9,7
DB02,DA02,3
DB02,DD01,3
DB02,DA03,12
DB02,AS03,3
DB02,AS04,2
DB02,DD02,16
DB02,DA04,1
DB02,VD03,33
DB02,VD04,15
DB02,dBWML9,2
DB02,dBWML10,4
DB02,dBWML11,5
DB02,dBWML12,1
DB02,dBWMR9,1
DB02,dBWMR10,6
DB02,dBWMR11,8
DD01,VD02,1
DD01,DA02,3
DD01,dBWML6,1
DD01,dBWML7,4
DD01,dBWMR6,3
DD01,dBWMR7,2
DD01,dBWML8,9
DD01,dBWML9,13
DD01,dBWMR8,10
DD01,dBWMR9,8
DD01,dBWMR10,2
VA01,DA02,1
VA01,DD01,12
VA01,VD01,3
VA01,vBWML7,13
VA01,vBWMR7,2
VA01,vBWML8,1
VA01,vBWMR8,2
DA03,AS04,2
DA03,DD02,3
DA03,DA04,2
DA03,DB03,2
DA03,VD03,43
DA03,VD04,13
DA03,dBWML9,3
DA03,dBWML10,17
DA03,dBWML11,12
DA03,dBWMR9,3
DA03,dBWMR10,14
DA03,dBWMR11,4
DA03,dBWMR12,2
AS03,DD01,2
AS03,DA03,1
AS03,VD03,23
AS03,dBWML9,1
AS03,dBWML10,7
AS03,dBWMR9,8
AS03,dBWMR10,5
AS04,DB02,2
AS04,DD01,2
AS04,DA03,2
AS04,DD02,4
AS04,VD04,21
AS04,dBWML10,5
AS04,dBWML11,5
AS04,dBWML12,2
AS04,dBWMR11,4
AS04,dBWMR12,5
DD02,DA03,2
DD02,VD03,1
DD02,VD04,1
DD02,dBWML10,4
DD02,dBWML11,9
DD02,dBWML12,6
DD02,dBWMR10,2
DD02,dBWMR11,10
DD02,dBWMR12,1
DA04,VD05,21
DA04,DB02,2
DA04,DD02,4
DA04,VD04,11
DA04,dBWML11,6
DA04,dBWML12,10
DA04,dBWML13,1
DA04,dBWMR11,5
DA04,dBWMR12,4
DA04,dBWMR13,9
DA05,VD06,22
DA05,VD05,1
DA05,DA04,1
DA05,DB04,1
DA05,DD03,12
DA05,dBWML12,1
DA05,dBWML13,10
DA05,dBWML14,7
DA05,dBWMR12,2
DA05,dBWMR13,7
DA05,dBWMR14,8
DB03,AS05,1
DB03,VD06,4
DB03,VD05,24
DB03,AS04,2
DB03,DD02,3
DB03,DA04,4
DB03,DA05,1
DB03,DD03,14
DB03,DD05,14
DB03,VD04,9
DB03,dBWML11,6
DB03,dBWML12,1
DB03,dBWML13,3
DB03,dBWML14,1
DB03,dBWMR11,2
DB03,dBWMR12,13
DB03,dBWMR13,1
DA06,VD06,13
DA06,VD05,3
DA06,DA05,1
DA06,DD03,7
DA06,DB05,1
DA06,VD07,13
DA06,VD04,3
DA06,dBWML11,1
DA06,dBWML12,1
DA06,dBWML13,5
DA06,dBWML14,4
DA06,dBWML15,4
DA06,dBWML16,4
DA06,dBWMR10,1
DA06,dBWMR11,1
DA06,dBWMR12,1
DA06,dBWMR13,5
DA06,dBWMR14,4
DA06,dBWMR15,4
DA06,dBWMR16,4
DB04,VD06,14
DB04,DA05,3
DB04,AS06,2
DB04,DD03,9
DB04,DD06,2
DB04,DD04,2
DB04,DD05,9
DB04,dBWML13,4
DB04,dBWML14,1
DB04,dBWML15,3
DB04,dBWML16,3
DB04,dBWMR13,3
DB04,dBWMR14,5
DB04,dBWMR15,3
DB04,dBWMR16,3
AS06,VD06,20
AS06,DA05,1
AS06,DB04,1
AS06,DD03,4
AS06,dBWML13,2
AS06,dBWML14,3
AS06,dBWMR13,5
AS06,dBWMR14,9
DD03,DA05,1
DD03,dBWML12,4
DD03,dBWML13,6
DD03,dBWML14,2
DD03,dBWML15,5
DD03,dBWMR11,1
DD03,dBWMR12,8
DD03,dBWMR13,8
DD03,dBWMR14,3
DD03,dBWMR15,5
DD03,vBWML13,1
DA07,VD08,12
DA07,DA06,1
DA07,DB06,1
DA07,DD04,3
DA07,VD07,10
DA07,VD09,10
DA07,dBWML14,3
DA07,dBWML15,3
DA07,dBWML16,3
DA07,dBWML17,3
DA07,dBWML18,4
DA07,dBWML19,3
DA07,dBWMR14,3
DA07,dBWMR15,3
DA07,dBWMR16,3
DA07,dBWMR17,3
DA07,dBWMR18,4
DA07,dBWMR19,3
DB05,VD06,13
DB05,VD05,3
DB05,DA06,3
DB05,DA07,12
DB05,DA08,1
DB05,AS07,3
DB05,AS08,2
DB05,VD07,13
DB05,VD04,3
DB05,dBWML14,2
DB05,dBWML15,2
DB05,dBWML16,2
DB05,dBWML17,2
DB05,dBWML18,2
DB05,dBWML19,2
DB05,dBWMR14,2
DB05,dBWMR15,2
DB05,dBWMR16,2
DB05,dBWMR17,2
DB05,dBWMR18,2
DB05,dBWMR19,2
DA08,VD08,5
DA08,VD11,5
DA08,VD13,5
DA08,DA07,1
DA08,DB07,1
DA08,DD04,4
DA08,DD05,4
DA08,VD12,5
DA08,VD09,5
DA08,VD10,7
DA08,dBWML16,3
DA08,dBWML17,3
DA08,dBWML18,3
DA08,dBWML19,3
DA08,dBWML20,4
DA08,dBWML21,3
DA08,dBWMR16,3
DA08,dBWMR17,3
DA08,dBWMR18,3
DA08,dBWMR19,3
DA08,dBWMR20,4
DA08,dBWMR21,3
DB06,DA09,1
DB06,VD08,12
DB06,DA08,4
DB06,AS08,2
DB06,AS09,1
DB06,VD07,10
DB06,VD09,10
DB06,dBWML16,2
DB06,dBWML17,2
DB06,dBWML18,2
DB06,dBWML19,2
DB06,dBWML20,2
DB06,dBWML21,2
DB06,dBWMR16,2
DB06,dBWMR17,2
DB06,dBWMR18,2
DB06,dBWMR19,2
DB06,dBWMR20,2
DB06,dBWMR21,2
DB07,DA09,3
DB07,VD08,5
DB07,VD11,5
DB07,VD13,1
DB07,AS11,2
DB07,DD06,1
DB07,AS10,2
DB07,VD12,5
DB07,VD09,5
DB07,VD10,7
DB07,dBWML19,2
DB07,dBWML20,2
DB07,dBWML21,2
DB07,dBWML22,2
DB07,dBWML23,2
DB07,dBWML24,2
DB07,dBWMR19,2
DB07,dBWMR20,2
DB07,dBWMR21,2
DB07,dBWMR22,1
DB07,dBWMR23,2
DB07,dBWMR24,2
AS11,VD13,3
AS11,DB07,1
AS11,DD06,2
AS11,VD12,20
AS11,dBWML21,3
AS11,dBWML22,2
AS11,dBWMR22,2
AS11,dBWMR23,2
DD06,VD13,3
DD06,DB07,1
DD06,dBWML22,5
DD06,dBWML23,9
DD06,dBWML24,5
DD06,dBWMR22,3
DD06,dBWMR23,9
DD06,dBWMR24,5
VA07,VB06,1
VA07,VD06,2
VA07,AS02,10
VA07,AS01,1
VA07,AS03,3
VA07,DD03,3
VA07,DD04,17
VA07,VD07,13
VA07,vBWML14,2
VA07,vBWML15,8
VA07,vBWML16,6
VA07,vBWMR14,3
VA07,vBWMR15,10
VA07,vBWMR16,2
VA07,vm1AR,2
VA08,VB06,1
VA08,AS05,3
VA08,VD08,3
VA08,AS02,1
VA08,AS03,4
VA08,AS04,11
VA08,DD04,9
VA08,VD07,2
VA08,DD05,9
VA08,VD09,3
VA08,vBWML16,3
VA08,vBWML17,4
VA08,vBWML18,4
VA08,vBWMR14,1
VA08,vBWMR15,1
VA08,vBWMR16,3
VA08,vBWMR17,4
VA08,vBWMR18,4
VA09,VD11,3
VA09,AS06,5
VA09,DD06,6
VA09,AS07,3
VA09,DD04,6
VA09,VB07,1
VA09,DD05,6
VA09,VB08,1
VA09,VD09,2
VA09,VD10,3
VA09,vBWML17,3
VA09,vBWML18,4
VA09,vBWML19,4
VA09,vBWMR17,3
VA09,vBWMR18,4
VA09,vBWMR19,4
VA10,VD11,3
VA10,AS06,3
VA10,DD06,9
VA10,AS07,6
VA10,AS10,1
VA10,DD05,9
VA10,VB08,1
VA10,VB09,1
VA10,VD12,3
VA10,VD10,2
VA10,vBWML18,3
VA10,vBWML19,4
VA10,vBWML20,4
VA10,vBWMR18,3
VA10,vBWMR19,3
VA10,vBWMR20,3
VA10,vBWMR21,2
VA10,hyp,1
AS07,VD07,20
AS07,dBWML15,2
AS07,dBWML16,3
AS07,dBWMR15,2
AS07,dBWMR16,3
AS08,VD08,20
AS08,dBWML17,2
AS08,dBWML18,3
AS08,dBWMR17,2
AS08,dBWMR18,3
AS09,VD09,20
AS09,dBWML19,3
AS09,dBWML20,2
AS09,dBWMR19,2
AS09,dBWMR20,3
AS10,VD11,10
AS10,VD10,10
AS10,dBWML20,3
AS10,dBWML21,2
AS10,dBWMR21,3
AS10,dBWMR22,2
PDB,VD13,2
PDB,DD06,2
PDB,VD12,10
PDB,dBWML22,2
PDB,dBWML23,2
PDB,dBWML24,3
PDB,dBWMR23,3
PDB,dBWMR24,2
VA03,VA04,2
VA03,VB02,1
VA03,VD02,3
VA03,DD01,18
VA03,DD02,10
VA03,VD03,11
VA03,VB03,3
VA03,vBWML8,1
VA03,vBWML9,4
VA03,vBWML10,11
VA03,vBWML11,3
VA03,vBWMR9,3
VA03,vBWMR10,5
VA03,vBWMR11,7
VD01,VB01,5
VD01,DD01,2
VD01,VA01,8
VD01,vBWML7,11
VD01,vBWML8,3
VD03,VB02,2
VD03,DD01,6
VD03,VA03,4
VD03,VB03,1
VD03,vBWML10,6
VD03,vBWML11,8
VD03,vBWMR10,6
VD03,vBWMR11,12
VA05,VB04,1
VA05,VA06,2
VA05,VD05,9
VA05,DD02,6
VA05,DD03,17
VA05,vBWML12,3
VA05,vBWML13,6
VA05,vBWMR12,6
VA05,vBWMR13,4
VA05,vBWMR14,4
VB03,VA04,10
VB03,DD02,36
VB03,VD03,4
VB03,VA05,1
VB03,VD04,6
VB03,vBWML10,1
VB03,vBWML11,8
VB03,vBWML12,8
VB03,vBWML13,3
VB03,vBWMR10,4
VB03,vBWMR11,6
VB03,vBWMR12,8
VB03,vBWMR13,4
VB05,VD06,10
VB05,VA06,2
VB05,DD03,34
VB05,vBWML12,3
VB05,vBWML13,1
VB05,vBWML14,8
VB05,vBWML15,7
VB05,vBWMR13,7
VB05,vBWMR14,6
VB05,vBWMR15,1
VB05,vBWMR16,1
DD04,dBWML16,5
DD04,dBWML17,9
DD04,dBWML18,5
DD04,dBWMR13,1
DD04,dBWMR14,2
DD04,dBWMR15,2
DD04,dBWMR16,5
DD04,dBWMR17,9
DD04,dBWMR18,5
VB07,VD08,5
VB07,VA09,1
VB07,VA10,1
VB07,DD04,11
VB07,DD05,29
VB07,VD09,6
VB07,vBWML16,4
VB07,vBWML17,4
VB07,vBWML18,4
VB07,vBWMR16,4
VB07,vBWMR17,4
VB07,vBWMR18,4
VD07,VB06,2
VD07,VA07,2
VD07,DD04,1
VD07,VB07,1
VD07,vBWML14,1
VD07,vBWML15,8
VD07,vBWML16,7
VD07,vBWMR14,6
VD07,vBWMR15,7
VD07,vBWMR16,1
VD07,vm1AR,4
DD05,dBWML19,5
DD05,dBWML20,9
DD05,dBWML21,5
DD05,dBWMR19,5
DD05,dBWMR20,9
DD05,dBWMR21,5
VB08,VA11,2
VB08,DD06,19
VB08,DD05,10
VB08,VD09,5
VB08,VD10,6
VB08,vBWML18,4
VB08,vBWML19,4
VB08,vBWML20,4
VB08,vBWMR18,4
VB08,vBWMR19,4
VB08,vBWMR20,4
VB09,VA11,2
VB09,VD11,6
VB09,DD06,19
VB09,DD05,10
VB09,VD10,5
VB09,vBWML19,4
VB09,vBWML20,4
VB09,vBWML21,4
VB09,vBWMR19,4
VB09,vBWMR20,4
VB09,vBWMR21,4
VD12,VA12,13
VD12,VA11,3
VD12,VC06,1
VD12,VB11,1
VD12,DD06,2
VD12,vBWML20,4
VD12,vBWML21,15
VD12,vBWML22,4
VD12,vBWMR20,2
VD12,vBWMR21,4
VD12,vBWMR22,4
VD12,vBWMR23,4
VD04,VA04,1
VD04,VB03,2
VD04,vBWML12,5
VD04,vBWML13,6
VD04,vBWMR11,4
VD04,vBWMR12,4
VD04,vBWMR13,3
VD09,VA09,3
VD09,VB08,2
VD09,vBWML17,4
VD09,vBWML18,4
VD09,vBWML19,4
VD09,vBWMR18,4
VD09,vBWMR19,4
VD09,vBWMR20,4
VD10,VA10,2
VD10,VB09,1
VD10,vBWML18,4
VD10,vBWML19,4
VD10,vBWML20,4
VD10,vBWMR19,4
VD10,vBWMR20,4
VD10,vBWMR21,4
